SQL,Python,ETL,аналитическоемышление,работавкоманде
cloudenvironments,AWS,MicrosoftAzure,GoogleCloudPlatform,SQL,NoSQL,Postgres,virtualization,containers,microservices,automation
Scikit-learn,TensorFlow,PyTorch,Keras,XGBoost,LightGBM,CatBoost,Pandas,NumPy,Matplotlib,Seaborn,Plotly,SQL,PostgreSQL,MySQL,NoSQL,MongoDB,Cassandra,FastAPI,Flask,Django,Celery,Redis,WebSocket,Docker,Kubernetes,NLP,HuggingFace,spaCy,NLTK,GPT,BERT,Transformer,Git,CI/CD,RAG
Python,NumPy,pandas,scikit-learn,TensorFlow,PyTorch,SQL,нейронныесети,CNN,RNN,LSTM
Python,R,ETL,Preprocessing,FeatureEngineering,Modeling,математическаястатистика,теориявероятностей,алгоритмыоптимизации,Git,CI/CD,Docker,MLFlow
промптинг,LLM,ChatGPT,GPT4,LLaMa,Claude,Grok,Gemini,GigaChat,python,SQL,excel,accuracy,latency,английскийязык
ML,AI,ComputerVision,OpenCV,Python,DL,matplotlib,plotly,shapely,scikit-learn,pandas,numpy,MLOps,Docker,MLFlow,AirFlow,Jenkins
Python,ML,Pandas,Numpy,LightGBM,Scikit-learn,SQL,математическаястатистика,теориявероятностей,SAS,Docker,Git,PyTorch,Linux,ApacheAirflow,DL,NLP
Python,NLP,EDA,ML,SQL,СУБД,алгебра,статистика,GIT,Docker,Linux,Airflow,MLflow,Tensorflow,PyTorch
NLP,Python,PyTorch,TensorFlow,Git,Docker,SQL,GPT,Mistral,BERT
алгоритмическиеторговыестратегии,ReinforcementLearning,DQN,PPO,финансовыевременныеряды,reward-функции,Avellaneda-Stoikov,Quant-финансы,DeFi,ML,Python,TensorFlow,PyTorch,JAX,оптимизация,статистика,анализданных,AMM
HFT,QuantTrader,DataScientist,Python,numpy,pandas,C#,C++,dataanalysis,quantitativetradingstrategies,ML,AI
техническоезрение,ML,DL,OpenCV,глубокоеобучение,CNN,трансформеры,PyTorch,numpy,scipy,pandas,scikit-learn
DataScientist,Python,Pandas,NumPy,Scikit-learn,SQL,PostgreSQL,BigQuery,Matplotlib,Seaborn,Plotly,Tableau,PowerBI,JupyterNotebook,Confluence,Git,DeepLearning,TensorFlow,PyTorch,MLOps,MLflow,Kubeflow,GoogleCloud,AWS,анализданных
ETL,ELT,Python,SQL,Git,ApacheAirflow,PostgreSQL,ClickHouse,Greenplum
Python,Pandas,NumPy,SQL,NoSQL,AWS,GCP,Azure,квантовыеисследования,торговыесистемы,машинноеобучение,статистическоемоделирование
Quantitativetradingstrategies,Python,Pandas,NumPy,машинноеобучение,криптовалюта,DeFi
алгоритмическиетрейдеры,алгоритмы,Python,C++
AI-чат-боты,Python,Pandas,NumPy,SQL,FastAPI,QlikSense,ApacheSuperset,ClickHouse,анализданных,статистика,эконометрика
MachineLearningEngineer,ML,NLP,TensorFlow,PyTorch,HuggingFace,REST-API,Docker,Kubernetes,MLOps,MLflow,Kubeflow,Transformer,BERT,GPT,Kafka,BigQuery,Scala,Java,GCP,AWS,Python
разработкамузыкальныхрекомендательныхсценариев,машинноеобучение,DataScience,MachineLearning,алгоритмымашинногообучения,RecSys,Implicit,LightFM,RecTools,RecBole,PyTorch,SAS4Rec,CatBoost,Scikit-learn,SQL,PySpark,Pandas,Polars,HDFS,Docker,Airflow,Kubernetes,Redis,FastAPI,ANN,Qdrant,OpenSearch,Pythonанализданных,машинноеобучение,аналитическиепроекты,BI,TABLEAU,MSPowerBI,QlikView,SPSS,STATISTICA,R,Python,SQL
DataScientist,PyTorch,TensorFlow,NLP,TextClassification,NER,TextSummarization,git,docker,sql,LLM
антифрод,ML,DataScience,XGBoost,LightGBM,CatBoost,Python,pandas,numpy,scikit-learn,xgboost,lightgbm,catboost,statsmodels,imbalanced-learn,matplotlib,seaborn,optuna,mlflow,ClickHouse,SQL,S3,ApacheAirflow,MLOps,CICD
техническоезрение,Presale,AI,архитектурынейронныхсетей,CNN,RNN,трансформеры,генеративныемодели,машинноеобучение,регрессия,классификация,кластеризация,Python,TensorFlow,PyTorch,Scikit-learn,OpenCV,DevOps,MLOps,Docker,Kubernetes,CI/CD
DataEngineer,ETL,ELT,PostgreSQL,MongoDB,ClickHouse,Python,Airflow,NiFi,ApacheSpark,Kafka,DBT,Trino,Debezium,KafkaConnect
DataEngineer,Kafka,KafkaConnect,KafkaStreams,SparkStreaming,SQL,Python,ClickHouse,DBT,Prefect,AirFlow,Oozie,Java,Scala
алгоритмическийтрейдинг,анализалгоритмов,мониторингсделок,Python,C++
ETL,Python,SQL,ClickHouse,GoogleAppsScript,YDB,Serverless
прогнозированиевременныхрядов,DataScience,машинноеобучение,Python,SQL,Sklearn,Pandas,Statsmodels,Xgboost,Lightgbm,Catboost,RandomForest,математическаястатистика,теориявероятностей,анализданных
DataScientist,ML,Python,SQL,PySpark,Airflow,Hadoop,Git,математическаястатистика,теориявероятностей
подготовкаданных,обучениенейронныхсетей,анализрезультатов,алгоритмыпрогнозированиярынка,линейнаяалгебра,теориявероятности,статистика,численныеметоды,матанализ,графы,Python,PyTorch,TensorFlow,машинноеобучение
Mistral-7B,LLaMA-13B,llama.cpp,LSTM,LoRA,FastAPI,TensorFlowLite,Python,TensorFlow,Keras,PyTorch,HuggingFaceTransformers,NLP,LLM,RNN,TensorRT,CUDA,JetsonSDK
DataScientist,Modelrisk,Quantrisk,Validator,Python,R,скоринг,МСФО-9,PD,LGD,EAD,timeseries,VaR,автокорреляция,машинноеобучение
LLM,RAG,FAISS,Qdrant,Chroma,OpenAI,BERT,Sentence-Transformers,LLaMA,Mistral,GPT,машинноеобучение,NLP,Python,PyTorch,TensorFlow,HuggingFace,LangChain,LlamaIndex,JupyterNotebook,Git
анализданных,разработкаинтеграционныхрешений,проектированиемоделиданных,разработкапроцедурзагрузкиданных,ETL,разработкапроцедурформированияаналитическийвитрин,SQL,Oracle,Arendatadb,Postgree,Geenplum,Clickhouse,ApacheAirflow,S3,DevOps,GitLab
IndustrialDataAnalyst,DSP,ML,цифроваяобработкасигналов,DSP,MachineLearning,классическоеML,регрессия,классификация,кластеризация,глубокоеобучение,Python
CV,NLP,Python,ML,pandas,numpy,sklearn,catboost,xgboost,lightgbm,pytorch,tensorflow,SQL,Hive,Presto,Kafka,BigData
скоринговыемодели,Python,SQL,ML,классификация,регрессия,PySpark,математическаяоптимизация
машинноеобучение,Python,Kafka,scikit-learn,Pytorch,Docker,Git,GitHub,FastAPI,Airflow,ML,LLM
эконометрическиемодели,рыночныериски,квантильныериск-метрики,VAR,ES,ALM,теориявероятностей,математическаястатистика,DS,ML,Python,SQL,финансовыйрынок,ценныебумаги,деривативы
DataScience,SQL,NoSQL,DWH,Elasticsearch,ML
ML-инженер,DataScientist,GPT,OpenAIAPI,Python,JSON,JSONL,pandas,OpenAICLI,Flask,FastAPI,LangChain,LlamaIndex,RAG
Data-инженер,ETL,Python,SQL,Hadoop,Spark,Airflow,ApacheSuperset,Tableau,PowerBI,BigData
DWH,DataLake,ETL,ELT,PySpark,SparkStructuredStreaming,ClickHouse,DataVault,Python,pandas,numpy,SQL,MSSQLServer,ApacheAirflow
MLEngineer,DataScientist,Python,Git,математическаястатистика,машинноеобучение,SciPy,scikit-learn,lightgbm,catboost,Docker,DockerCompose,MLflow,ApacheAirflow,OCR
MLEngineer,DataScientist,анализданных,классификацияданных,временныеряды,LLM,FFNN,CNN,RNN,GAN,Pandas,Numpy,Scipy,ООП,SOLID,SchlumbergerPipesim,OLGA,GAP,Docker,Python
DS,предобработкаданных,линейнаяалгебра,математическаястатистика,методыоптимизации,Python,PyData,Pandas,polars,duckDB,NumPy,SkiPy,scikit-learn,SQL,postgres,clickhouse,алгоритмыклассическогомашинногообучения
анализданных,ML,Python,Scikit-learn,XGBoost,нейронныесети
ML-модели,Python,Pandas,Catboost,PyTorch,Transformers,Git,NLP,LLM,PromptEngineering,MLOps,ASR,TTS
алгоритмическиетрейдинг,автоматизация,оптимизация,Python,ETL,ELT,pandas,dask,spark,parquet,C++,numpy,scipy,cython,dataclasses,pydantic,ruff,pylint,mypy,pyright,flake8,GithubActions,GitlabCI,Jenkins,VictoriaMetrics,Prometheus,InfluxDB,Grafana,Sentry,ELK
хранилищеданных,хранилищефайлов,ETL,ClickHouse,Airflow,Python,PostgeSQL,PowerBI,Visiology,SQL
дата-инженер,DWH,SQL,Python,СУБД,ETL
промпты,LLM,ChatGPT,RAG,векторныебазыданных,Python,Java,API,SQL,NoSQL
Hadoop,SQL,Java,Python,ApacheSpark,DWH,RESTAPI,Git,Linux,Docker,Kubernetes,Airflow
DataEngineer,BI,ETL,ApacheAirflow,dbt,Pentaho,API,PowerBI,Tableau,Metabase,SQL
OpenAIAPI,ChatGPT,AssistantsAPI,Tools,RESTAPI,Gemini,Claude,Python,FastAPI,Flask,Langchain,LlamaIndex,React,PostgreSQL,Firebase,MongoDB,YandexOAuth,OzonAuth,авторизацияWB
аналитическоеХранилищеданных,ХД,Greenplum,ETL,ELT,SQL,PL/pgSQL,Agile,Scrum,Waterfall,OracleDB,DataVault,ApacheHadoop,ApacheSpark,ClickHouse,Jira,Confluence,Git,Jenkins
ML-модели,ML,Python,Pandas,Catboost,PyTorch,Transformers,Git,NLP,LLM,PromptEngineering,MLOps,ASR,TTS,RAG
генеративныйAI,компьютерноезрение,AI,подготовкадатасетов,тестирование,дообучение,NLP,LLM,инференс,NumPy,Pandas,scikit-learn,PyTorch,Transformers,LSTM,Transformer,GPT,BERT,Fewshotlearning,Functioncall,Structuredoutput,векторныйпоиск,RAG,SQL,Docker,Git,LoRA,QLoRA,trtllm,vllm,tgi,lmdeploy,MoE,multitokenprediction
DWH,SQL,Python,СУБД,ETL,дата-инженер
DWH,SQL,Python,СУБД,ETL,дата-инженер
DataScientist,Python,машинноеобучение,SQL
ETL,SQL,Python,Airflow,NiFi,Kafka,API,NoSQL,Linux
DataScientist,AI-агенты,GigaChat,Python,генеративныемодели
AIComputerVisionEngineer,CVEngineer,imagetovideo,imagetoimage,StableDiffusion,генеративныемодели,GANs,Diffusion,Stylization,AI
DATAИНЖЕНЕР,DWH,логическиемоделихранилища,версионированиеданных,ETL,алгоритмызагрузки,SQL,java,scala
AI-модели,NLP,GenAI,разработкафичей,разработкаML-решений,GenAI,LLM,AI,Python,SQL,Hadoop,Spark,Excel,математическаястатистика,машинноеобучение
SQL,PL/SQL,Oracle,PostgreSQL,PL/pgSQL,BI,PowerBI,Tableau,Qlik,ETL,Talend,ApacheNifi,Pentaho,JSON,XML,SOAP,RESTAPI,OracleForms
SeniorDataEngineer,ApacheAirflow,SQL,PostgreSQL,ClickHouse,dbt,RESTAPI,requests,JSON,OAuth,Python,pandas,sqlalchemy,OLAP,OLTP,DWH,Kafka,Prometheus,Grafana,ELK,Superset,Metabase,Tableau,ETL
машинноеобучение,кредитныйскоринг,поисканомального,фродерскогоповедения,идентификацияпользователей,Python,codereview,pandas,matplotlib,numpy,sklearn,Linux,Jupyternotebook,git,SQL,airflow,pyspark,dvc
DWH,SQL,Python,СУБД,ETL,дата-инженер
DataScientist,RecSys,ML-системы,рекомендательныесистемы,EDA,Python,SQL,Clickhouse,MLFlow
обработкаданных,Python,R,SQL,Hadoop,Spark,Kafka,математическаястатистика,моделированиерисков,Git,CI/CD
Аналитикданных,регрессионныйанализ,корреляционныйанализ,сценарныйанализ,Excel,SQL,Python,BI
DataScientist,ML-модели,NLP,ML,Python,SQL,Hadoop,Hive,Spark,DeepLearning,PyTorch,AI-агента,LLM,RNN
ML,разработкаПО,Python,Linux,Git,Clickhouse,PostgreSQL,SQL
ЭкономическийКапитал,кредитныйриск,вероятности,математическаястатистика,алгоритмымашинногообучения,Python,SQL,RL
ML-разработчик,LLM,HFTransformers,PyTorch,Python,Docker,Kubernetes,TCP/IP
моделикредитногориска,PD,EAD,LGD,машинноеобучение,логистическаярегрессия,градиентныйбустинг,Hadoop,NLP,поведенческаяаналитика,Python,scipy,pandas,scikit-learn,xgboost,lightgbm,SQL,Hive,Impala,ApacheSpark,Jira,Confluence,Bitbucket
SQL,Oracle,Clickhouse,Redis,PostgreSQL,ApacheAirflow,Python,FastAPI,Django,pytest,pl/sql,RESTAPI,Git,Gitlab
Promtинженер,LLM,ChatGPT,GPT-4,AI,ML,классификация,регрессия,кластеризация,NLP,компьютерноезрение,RAG
QuantitativeResearcher,HFT,машинноеобучение,ML,Python,Pandas,Plotly,scikit-learn,XGBoost,C++,Linux,математика,статистика,теориявероятности
DataScience,машинноеобучение,Python,NumPy,Pandas,Scikit-learn,SQL
DS,ML,boosting,logreg,Python,SQL,PySpark,теориявероятности,математическаястатистика
ETL,Airlow,Postgres,Oracle,ClickHouse,ApacheKafka,Python,ApacheSuperset,SQL,BI,CI/CD,S3
DataScientist,Python,машинноеобучение,SQL,анализданных
анализданных,ETL,SQL,Python,BI
QuantitativeResearcher,машинноеобучение,нейронныесети,градиентныйбустинг,кластеризация,глубокоеобучение,reinforcementlearning,Python,PyTorch,TensorFlow,Scikit-learn,XGBoost,Pandas,NumPy
ранжирование,информационныйпоиск,машинноеобучение,NLP,pandas,NumPy,scikit-learn,Python,глубокоеобучение,большиеязыковыемодели
видеонаблюдение,межкамерныйтрекинг,распознаваниеавтомобильныхномеров,распознаваниелиц,objectdetection,видеоаналитика,Python,PyTorch,DL,ONNXRuntime,TensorRT,Docker,CI/CD,Linux,Jira,Confluence,OpenCV,MLFlow,FastAPI,Git
DataScientist,ML,PyTorch,Tensorflow,Python,ООП,SQL,PyCharm,Linux,docker,docker-compose,git,MlFlow
NLP,Python,PyTorch,TensorFlow,Git,Docker,SQL,GPT,Mistral,BERT,LLM
Datascientist,Python,numpy,pandas,sklearn,catboost,SQL,Oracle,PL/SQL,Hadoop,Hive,Spark,MLflow,Airflow,GitLabCI/CD
Инженерданных,ETL,ApacheAirflow,NIFI,Python,PostgreSQL,ClickHouse,CI/CD,Docker
базаданных,ClickHouse,PostgreSQL,MySQL,ETL,SQL,Excel,PowerBI,Tableau,Python
ML-разработчик,нейросети,LLM,PromptTuning,LoRA,FullFine-Tuning,Python,Linux,Bash,Docker,Kubernetes,HuggingFace,NLTK,SpaCy,MFCC
банковскиериски,PD,LGD,EAD,Python,эконометрика,финансовыйанализ,МСФО,РСБУ
DataScientist,нейронныесети,CV,NLP,Torch,трансформеры,свёрточныеархитектуры,Python,SQL,Git,GraphNeuralNetworks,PySpark,Airflow,MLflow,DocumentUnderstanding
AI,GPT,Copilot,LangChain,AutoML,RAG,промпт-инжиниринг,API
AI,ML,GigaChat,NLP,BERT,TF-IDF,GPT,RAG,Python,transformers,XGBoost,CatBoost,sklearn,pandas,numpy,matplotlib,Spark,SQL,PostgreSQL
LLM,BERT,GPT,T5,RoBERTa,Qwen,PyTorch,TensorFlow,HuggingFaceTransformers,pandas,NumPy,scikit-learn,NLTK,spaCy,Git,MLflow,DVC,Airflow,Docker,Kubernetes,SQL,PostgreSQL,MySQL,NoSQL,MongoDB,Elasticsearch,NLP
DataScientist,CV,CNN,ResNet,VGG,EfficientNet,R-CNN,YOLO,SSD,OpenCV,TensorFlow,PyTorch,Keras,Docker
DataScientist,ComputerVision,python,OpenCV,Python,pytorch,git,CNN,ViT,DVC,nvidiatriton,NvidaJetson
разработкаскоринговыхмоделей,кредитныепродукты,бэк-тестирование,рекалибровка,анализданных
LLM,Python,PyTorch,RAG,PEFT,llama.cpp
машинноеобучение,компьютерноезрение,Python,Pytorch,TensorRT,OpenCV
Python,scikit-learn,Pandas,NumPy,CatBoost,XGBoost,Optuna,PyTorch,NLP,BERT,Java,SpringFramework,RCNN,LLM,Retrieval-AugmentedGeneration,RAG,langchain,langgraph,MongoDB,ApacheAirflow,ApacheTrino
DataEngineer,MPP,Vertica,ClickHouse,Python,Airflow,Hive,PySpark,SQL,DWH,Superset,Hadoop,Spark,Gitlab,ETL
моделирование,аналитика,DS,Python,Spark,ML,деревьярешений,случайныелеса,регрессия,бустинги,кластеризация,временныеряды,NLP,DL,RNN,LSTM,BERT,GPT
Dataengineer,анализданных,машинноеобучение,хранилищаданных,OLAP,ETL,GIS
DS,ML,SQL
DataEngineerTrainee,SQL,OLAP,MicrosoftExcel
DataAutomationDeveloper,Python,ООП,RESTAPI,Selenium,MySQL,PostgreSQL,Docker,CI/CD,Jenkins,GitlabCI
NLP,Python,TensorFlow,PyTorch,Git,Docker,ONNX,TensorRT,TritonInferenceServer,DL,CV,Audio
DataScientist,EDA,CNN,RNN,LSTM,Transformer,WaveNet,WaveNet,Tacotron,Speech2Text,VoiceConversion,Python,Pandas,NumPy,Scikit-learn,TensorFlow,PyTorch,Librosa,PyAudio,torchaudio,Git,Docker,Kubernetes,CI/CD
рекомендательныеалгоритмы,Uplift-моделирование,Python,Pyspark,Clickhouse,Airflow,Mlfow,Hadoop,ML,DeepLearning
аналитик,базазнаний,распознаваниеречи
DataEngineer,ETL,ELT,Airflow,Dagster,SQL,MySQL,PostgreSQL,Clickhouse,Greenplum,ApacheKafka,RabbitMQ,DBT
DataScientist,аналитика,машинноеобучение,Python,R,TensorFlow,scikit-learn,PyTorch,Matplotlib,Seaborn
Python,SQL,Kafka,Airflow,ETL,ELT,DWH,даталейки
Python,numpy,pandas,matplotlib,opencv,natasha,pymorphy2,scikit-image,pytorch,tensorflow,transformers,CNN,R-CNN,FastR-CNN,FasterR-CNN,MaskR-CNN,YOLOv5,word2vec,BERT,RESTAPI,docker,git,CV,NLP
дата-инженер,DWH,SQL,Python,СУБД,ETL
DBA,PostgreSQL,Linux
DataScientist,ML,классификация,регрессия,рекомендации,featureengineering,SQL,Python,pandas,numpy,seaborn
DataScientist,SQL,PostgreSQL,JSON,LSTM,Python,pytorch,keras,numpy,pandas,matplotlib,psycopg2,json
DataScientist,ML,CatBoost,LightGBM,AirFlow,Spark,SQL,Python,математическаястатистика,теориявероятностей
DataScientist,Python,MSSQLServer,PostgreSQL,Clickhouse,Minio,Kafka,DeepLearning,CV,Prometheus,Grafana
DataScientist,Python,R,SQL,A/B-тестирование,Python,SQL,DWH,умныетренажеры,фитнес-браслеты
DL,ML,линейнаярегрессия,логистическаярегрессия,деревьярешений,SVM,PCA,objectdetection,semanticsegmentation,instancesegmentation,Python,PyTorch,NumPy,scikit-learn,OpenCV,dlib,TensorRT,MLOps,PCL
дата-инженер,Python,SQL
дата-инженер,DWH,Python,Airflow,PostgreSQL,ClickHouse,Linux,Docker,Git,CI/CD,Kafka,dbt,S3,Trino,Spark,Parquet,Iceberg,SQL
ML,featureengineering,Python,catboost,lightgbm,sklearn,pandas,numpy,SQL,gitlab,ci\cd,Greenplum,ArenadataDb,airflow,mlflow,dvc,Linux
Dataengineer,Airflow,Python,SQL,Greenplum,OLAP,ETL
Дата-инженер,хранилищаданных,ods,dds,datamarts,ELT,ETL,Python,Dagster,dbt,Datalens,SQL,Airflow,Prefect,ClickHouse,CI/CD,Linux
ML-инженер,Pytorch,Tensorflow,Python,Kaldi
RAG,Python,JupyterLab,JupyterHub,ApacheAirflow,ArgoWorkflows,FastAPI,ApacheSpark,pyspark,RESTAPI,aiohttp,httpx,SQL,Oracle,PostgreSQL,Hadoop,HDFS,S3,Hive,Iceberg,Scala,Java,Groovy,ApacheKafka,ApacheFlink,NLP,LLM
DataScientist,SQL,PostgreSQL,JSON,LSTM,Python,pytorch,keras,numpy,pandas,matplotlib,psycopg2,json
инженерпомашинномуобучению,PyTorch,Torchvision,Gstreamer,DeepStream,FastAPI,Django,Flask,Prometheus,Grafana,Loki,ETL,CUDA,TensorRT,CNN,RNN,Transformers,TensorFlow,OpenCV,TorchAudio,Airflow,Luigi,DVC
машинноеобучение,ИИ,NLP,PyTorch,Tensorflow,numpy,scipy,sklearn,pandas,PyTorch,Tensorflow,Mysql,PostgreSQL,Clickhouse,SQL,Jupyter,Git,Airflow,MLflow
DataEngineer,Python,PowerBI,MSSQLServer,PostgreSQL,Kafka,SISS,CDC,DataVault,ETL
middleDataEngineer,SQL,Hadoop,Hive,Spark,DWH
MiddleDataScientist,ML,Python,NumPy,pandas,matplotlib,seaborn,plotly,scikit-learn,XGBoost,LightGBM,CatBoost,SQL,Docker,Grafana,MLflow,Airflow,PySpark
tradingalgorithms,research,statistical,machinelearning,Python,C++,Linux,numericalprogramming
ML,Python,PyTorch,Tensorflow,ООП,SQL,Linux,docker,docker-compose,git,MlFlow
NLP,LLM,GPT,BERT,T5,PyTorch,TensorFlow,PromptEngineering,Python,Hadoop,AWS,GoogleCloud,Azure
DataScientist,ML,Python,Scikit-learn,pandas,numpy,scipy,Catboost,XGBoost,SQL,Hive,PostgreSQL,Greenplum,hdfs,Airflow,MLflow,PySpark,Docker,FastAPI
ML,Python,SQL,MLflow,Airflow,Gitlab
дата-инженер,ApacheAirflow,ApacheSpark,ApacheKafka,ApacheFlink,ClickHouse,Kubernetes,Hive,Impala,Zeppelin,HUE,Scala,Python,Hadoop,YARN,Cassandra,Elastic,Jupyter
TTS,Python,DL,алгоритмы,математика,C++,NLP
машинноеобучение,Python,pandas,numpy,torch,scikit-learn,matplotlib,SQL,NER,классификация,NLP,CV,OCR,RPA
машинноеобучение,Python,XGBoost,LightGBM,CatBoost,MLOps/DevOps,MLflow,Docker,gitlabCI/CD,Kubernetes,SQL,Pandas,Scikit-learn,PyTorch,GLM
ML,DS,python,Airflow,Spark,Docker,S3,Hadoop,ClickHouse,GreenPlum
ML,CatBoost,XGBoost,PyTorch,featureengineering,Python,Pytest,SQL,Pandas,BigData,MLOps,Spark,Hive,MLFlow,AirFlow,NLP
DataEngineer,ETL,ELT,SQL,Greenplum,Clickhouse,Vertica,Hive,Redshift,Python,Java,ApacheAirflow,ApacheNiFi,PentahoDataIntegration,PDI,Hop,Linux,GIT,Hadoop,S3,Postgres
DWH-специалист,SQL,Oracle,MSSQL,PL/SQL
ETL,ELT,SQL,Python,Java,Scala,ApacheSpark,ApacheAirflow,MinIOS3,DataOceanNova,CDC
исследовательбольшихданных,DS,MLE,а/б-тесты,ML,Spark,k8s,Jupyterhub,Airflow,MLFlow,Postgres,Gitlab,DataHub,Python,Git,DVC,Docker
CI/CD,golang,kafka,rabbitmq,git,Linux,k8s,CRD,ArgoCD,Helm
DataScientist,SQL,PostgreSQL,JSON,LSTM,Python,pytorch,keras,numpy,pandas,matplotlib,psycopg2,json
SeniorDataEngineer,Датаинженер,хранилищеданных,ETL,ELT,Informatica,Airflow,Dagster,ApacheNifi,ApacheSpark,PXF,DBT,ApacheKafka,RabbitMQ,Tableau,QlikView,SAPBO,Pyton,Oracle,MSSQLServer,MySql,Greenplum,Vertica,Clickhouse,ScyllaDB
анализданных,Matplotlib,Seaborn,Tableau,PowerBI,статистическиеметоды,машинноеобучение,scikit-learn,XGBoost,LightGBM,TensorFlow,PyTorch,Python,R,SQL
AI,машинноеобучение,DS,DL,Python,pandas,scikit-learn,pytorch
DWH,ETL,Teradata,InformaticaPowerCenter,SQL,MPP-архитектура,ApacheKafka,Jira,Confluence,Git,Jenkins
инженерданных,ETL,ELT,PostgreSQL,PL/SQL,Python,Airflow,Pandas/Dask/PySpark,Numpy,Matplotlib/Seaborn/Plotly,Jupyter,SQL,Git,CI/CD,Greenplum,Clickhouse,Hadoop,Docker/Kubernetes
разработчик,etl,python,hadoop,PySpark,Clickhouse,Vertica,Airflow,Mlfow,Pytorch,Catboost,Java,ML,NLP
автоматизацияотчетов,чат-боты,анализданных,Python,SQL,Pandas,Plotly,python-docx,python-docx-template,python-pptx,Jupiter,ClickHouse
дата-инженер,разработкаETL,SQL,PostgreSQL,GreenPlum,Bash,PL/pgSQL,Python,Linux,RedHat
NLP,DataScience,NumPy,Pandas,Scikit-learn,TensorFlow/Keras,PyTorch,GPT,BERT,Transformer
DataScientist,алгоритмымашинногообучения,SQL,ClickHouse,Python,scikit-learn,catboost,pytorch,prophet,plotly,Git
BI,Metabase,Tableau,PowerBI,QlikView,SQL,PostgreSQL,MSSQL,Oracle,MySQL,ETL,Airflow,Informatica,Talend,SSIS,Pentaho,Python,R
ML,numpy,scipy,pandas,sklearn,statsmodels,xgboost,lgbm,catboost,ReinforcementLearning,Q-learning,policyoptimization,DQN,SQL,Postgres,MSSQL,MySQL,Git,Docker,FastAPI,BigData,Spark,Kafka,onnx,TensorRT,Python
DataEngineer,Airflow,Docker,Hadoop,Spark,HDFS,YARN,SQL,Python,Scala,Java,YandexCloudPlatform,Azure,AWS,Git
DataScientist,MachineLearningEngineer,Python,Pyspark,Pandas,SQL,LightGBM,CatBoost,XGBoost,TensorFlow,PyTorch,SciKit-Learn,Optuna,MLflow,Docker,YandexCloud,Airflow,Kubernetes
ETL,Python,SQL,PostgreSQL,MySQL,ApacheAirflow,Dagster
ML,рекомендательныесистемы,CollaborativeFiltering,Content-BasedFiltering,Gradientboosting,DeepLearning,ReinforcementLearning,управлениеETL-процессами
NLP,DataScientist,Python,Pytorch,Transformers,TritonInferenceServer,FastAPI,gRPC,Git,Docker,SQL,S3,Redis,Clickhouse,Kafka
машинноеобучение,ИИ,Pytorch,Tensorflow,Python,CV,fastapi,flask
DataEngineer,Python,S3,Glue,Lambda,ClickHouse,Airflow,Spark,PostgreSQL,NoSQL,GitLabCI/CD,ETL,ELT,PySpark,Kafka,Kinesis,AWS,DynamoDB
разработка,алгоритмическаяторговля,машинноеобучение,HFT,Linux,TCP/IP
ETL,SQL,Python,Greenplum,DWH,Airflow
ETL,SQL,Python,Greenplum,DWH,Airflow
ML,Python,SQL,Postgres,ClickHouse,Jupyter,Airflow,Kubernetes,Superset,Streamlit
Hadoop,HDFS,MapReduce,YARN,Spark,Hive,SQL,Python,Bash,Git,Linux
MachineLearningEngineer,AIEngineer,ML,DL,Python,PyTorch,Lightning,scikit-learn,OpenCV,torchvision,albumentations,Diffusers(HuggingFace),ComfyUI,StableDiffusion,LangChain,OpenAIAPI,Ollama,CNN,RNN,LSTM,Transformer,BERT,GPT,ViT,NLP,GAN,VAE,AE,MLOps,MLflow,DVC,Docker,FastAPI,OpenAPI,FAISS,Weaviate,Qdrant,Pinecone,SQL,PostgreSQL,ClickHouse,CV,RAG
ETL,Python,Scala,Java,SQL,GreenPlum,PostgreSQL,Oracle,Spark,Hadoop,Hive,Airflow,Docker,ClickHouse,CI/CD,Grafana,ML
Дата-менеджер,DataGovernance,DataQuality,SQL,Excel
DataEngineer,PostgreSQL,ApacheKafka,Airflow,GoogleBigQuery,RESTAPI,JSON,XML,Linux,Unix,Docker,Git,CI/CD,Jenkins,GitLabCI/CD,Kubernetes,Python,Java/Scala
LeadQuantitativeResearcher,ETH/USD,cbBTC/USD,DeFi,DQN,AS,Python,TensorFlow,PyTorch,JAX
AI/MLEngineer,AIResearcher,Probabilistic/PredictiveModels,TimeSeries,fine-tuning,Python
CV,DL,Python,ML,Linux,git,ONNX,TensorRT,TVM,C++
DataEngineer,DWH,SQL,Spark,Python,Git,Confluence,ETL,API
анализданных,DataScientist,дата-инженер,ML,Python,SQL,sklearn,pandas,TensorFlow,Keras,Pytorch
DataScientist,DS,AI,GenAI,NLP,Python,SQL,Hadoop,Spark,Excel
ML,CatBoost,XGBoost,PyTorch,featureengineering,Python,Pytest,SQL,Pandas,PySpark,BigData,AirFlow,Kafka
ad-hoc,Python,SQL,кластеризация
DATAENGINEER,SQL,Hadoop,Spark,Hive,HDFS,YARN,Java,Scala,etl
ML,Python,scikit-learn,CatBoost,Spark,Docker
ETL,SQL,Greenplum,Vertica,ClickHouse,Teradata,Python
Инженерданных,ApacheKafka,Airflow,SQL,ClickHouse,ETL
DataScientist,машинноеобучение,SQL,Python,pandas,sklearn,numpy,xgboost,matplotlib,LGD,PD,EAD
python,Pandas,numpy,SQL,PostgreSQL,ClickHouse,DataMining,ETL
разработка,Spark,Airflow,Git,CI/CD,Docker,k8s,kubeflow,Python,Pyspark
DataEngineer,ML,Python,SQL,Airflow,ClickHouse,ETL
MSSQL,MySQL,GaleraCluster,PostgreSQL,Patroni,Consul,Redis,Elasticsearch
дата-инженер,Python,SQL
анализданных,машинноеобучение,Python,Scikit-learn,SQL,NoSQL,Pandas,NumPy,Agile,Scrum,Kanban
дата-инженер,Python,Airflow,PostgreSQL,ClickHouse,Linux,Docker,Git,CI/CD,Kafka,dbt,S3,Trino,Spark,Parquet,Iceberg,SQL,ETL
разработкаПО,SAP,OracleDatabase
CV,OCR,Python,numpy,pandas,matplotlib,opencv,natasha,pymorphy2,scikit-image,pytorch,tensorflow,transformers,CNN,R-CNN,FastR-CNN,FasterR-CNN,MaskR-CNN,YOLOv5,YOLOv8,word2vec,BERT,EasyOCR,PaddleOCR,RESTAPI,docker,git
моделиоценкикредитногориска,математическаястатистика,алгоритмымашинногообучения,Python,SQL,CFA,FRM,PRM
MLTeamLead,ML,NLP,DataScience,MLE,Python,SQL,Git,Docker,PySpark,Airflow,Hadoop,Redis,RabbitMQ,Kubernetes
ML-сервисы,ML,Python,pandas,numpy,matplotlib,sklearn,pytorch,Unix,Linux,Git,Docker,SQL,NLP
DataScientist,ML,Python,MSSQLServer,PostgreSQL,Clickhouse,Minio,Kafka,DeepLearning,CV,Prometheus,Grafana
Dataинженер,Python,SQL,Spark,Hadoop,Kafka,Greenplum,Clickhouse,S3,Ceph,Minio,Airflow,Docker,K8S,Linux,Git,ETL
ComputerVision,OpenCV,TensorFlow,PyTorch,Albumentations,imgaug,Docker,git,gitlab/github,CI/CD,FastAPI/Flask,C++,ONNX,ONNXRuntime,OpenVINO,TensorRT
DataEngineer,Spark,Scala,Java,Hadoop,HDFS,YARN,Flink,Kafka,CI/CD,Jenkins,Git,Docker,SQL
DataEngineer,Python,SQL,Kafka,RabbitMQ,PubSub,Airflow,dbt,Pandas,ClickHouse,PostgreSQL,BigQuery,S3,Parquet,Docker,GitLabCI/CD,ETL,ELT
DWH,SQL,Python,СУБД,ETL
ETL,DataLens,1C,ClickHouse,SQL
DataEngineer,Python,Go,SQL,ClickHouse,PostgreSQL,Kubernetes,Kafka,ETL,ApacheAirflow
моделирование,Python,pandas,pyspark,SQL,математическаястатистика,теориявероятностей
бизнес-аналитик,NLP,Python,PyTorch/TensorFlow,Git,Docker,SQL,GPT,Mistral,bert-based
MLEngineer,AmazonBedrock,SageMaker,transferlearning,promptengineering,LLM,LIME,SHAP,LLMops,TensorFlow,PyTorch,Keras,Python,AWS,ETL,Docker/Kubernetes,CI/CD
Linux,SQL
MLops/DataEngineer,python,ETL,Greenplum,Hadoop,CI/CD,Jenkins,Bitbucket/Git,SQL,Linux
SQL,PostgreSQL,BASH,ETL
DataScientist,ML,Python,pandas,numpy,matplotlib,sklearn,nltk,pymorphy,spacy,natasha,Docker,Flask/Django/FastApi,SQL
машинноеобучение,статистика,вероятность,нейронныесети,Python,C++,JavaScript,R,TensorFlow,PyTorch,Keras,Scikit-learn
ETL,SQL,PostgreSQL,Greenplum,ApacheNiFi,Groovy,Python,Airflow
витриныданных,ETL,S3,Hadoop,ClickHouse,PostgreSQL,Superset,Redash,PySpark,Kafka,Airflow,DBT,flyway,SQL,Python,Java,FastAPI,Docker,Kubernetes
NLP,DataScience,Python,NumPy,Pandas,Scikit-learn,TensorFlow/Keras,PyTorch,GPT,BERT,Transformer,LLM,RAG
datascience,ML,DL,Python,R,Java,Scala,C++,NumPy,Pandas,Tensorflow,Keras,PyTorch,Scikit-Learn,NLTK,SpaCy,Gensim,HuggingFaceTransformers,OpenCV,YOLO,PIL,Hadoop,Hive,Spark,PySpark,Kafka,ApacheFlink,ApacheNiFi,Talend,ApacheAirflow,SQL,PostgreSQL,MySQL,NoSQL,MongoDB,Cassandra,Tableau,PowerBI,D3.js,Git,Docker,Kubernetes,Flask,Django
MachineLearningинженер,ML,backend
аналитик,DS,ML,Python,SQL,А/Бтестирование,Hadoop
ML,Python,pandas,numpy,sklearn,tensorflow/pytorch,XGBoost,Plotly,matplotlib,PowerBI,SQL,PostgreSQL,MongoDB,AWS,Azure,CI/CD,Git
DataScientist,ML,DL,Python,Linux,Docker,pyenv/conda
ML,PyTorch,Tensorflow,SQL,Greenplum,Hive,ApacheSpark,JupyterNotebook,Confluence,ETL,PostgreSQL,MySQL,NoSQL,MongoDB,Cassandra,FastAPI,Flask,Django,Celery,Redis,WebSocket,Docker,Kubernetes
MLEngineer,Multi-AgentAISystems,QWEN,LLAMA,Mistral,RAG,KAG,CAG,NLP,PLP,Python,FastAPI,chromadb,sqlalchemy,posgtrsql,docker,kafka
DataScience,ComputerVision,Pandas,NumPy,Scikit-learn,Python,Tensorflow,PyTorch,CNN,RNN,YOLO
MachineLearningEngineer,PyTorch,Python,Kubernetes,Airflow
DataScienceразработчик,Python,numpy,pandas,scipy,matplotlib,TensorFlow,PyTorch,scikit-learn,ООП,UML
ETL,SQL,PL/SQL,OracleDatabase,Talend,DWH,OLAP,Linux,Kafka,Flink,Spark
DWH,ETL,ELT,ApacheNiFi,Docker,RESTAPI,SQL
MLResearcher,Python,scikit-learn,XGBoost,LightGBM,CatBoost,pandas,scipy,SQL,Pytorch,NLP,ComputerVision
DataScientist,retailrisk,ML,SQL
Python,SQL,ETL,ApacheAirflow,Oracle,ClickHouse,PostgreSQL,ApacheKafka,ApacheSuperset,Metabase,PowerBI
AI,ComputerVision,Python,PyTorch,FastAPI
NLP,ML,Python,SQL,Git,Docker,CI/CD,ETL,Airflow,Dagster,Spark,Hadoop
JavaScript,PixiJS,HTML5,PlayableAds
Dataengineer,Python,SQL,ClickHouse,MySQL,OLAP,airflow,pandas,Kafka,RabbitMQ,AWS,MicrosoftAzure,GoogleCloud,YandexCloud,Spark,BI,Tableau,PowerBI,ApacheSuperset
инженерданных,ApacheAirflow,Python,ApacheKafka,ApacheStarRocks,Kubernetes,JupyterHub,PostgreSQL,MySQL,MSSQL,DataLakehouse
DataScientist,машинноеобучение,Python,PySpark,Hadoop,Luigi
Python,SQL,Dask,Docker
DataScientist,NLP,LLM,GPT,LLaMA,BERT,Python,PyTorch,TensorFlow,SQL
аналитик,SQL,PostgreSQL,PowerPivot,Excel,Olap-кубы,Python
Dataengineer,Python,SQL,PowerBI,Tableau,ClickHouse,PostgreSQL,MongoDB,Airflow,dbt,ApacheKafka,Spark,ETL/ELT
DataScientist,AI,LLM,NLP,Python,Scikit-learn,Pytorch,transformers,LangChain,LangGraph,pymorphy2,NLTK,Gensim,spacy
SQL,Python,Airflow,DWH,DataLake
NLP,Pytorch,Numpy,Scikit-learn,TensorFlow,BERT,GPT
MLEngineer,машинноеобучение,DeepLearning,CNN,RNN,VAE,GAN,GPT,TensorFlow,Keras,PyTorch,HuggingFace,Python,ООП,Git,SVN,MLflow,DVC
ComputerVision,OpenCV,TensorFlow,PyTorch,Albumentations,imgaug,Docker,git,gitlab/github,CI/CD,FastAPI/Flask,C++,ONNX,ONNXRuntime,OpenVINO,TensorRT
DataScientist,SQL,PostgreSQL,JSON,LSTM,Python,pytorch,keras,numpy,pandas,matplotlib,psycopg2,json
DataScientist,CV,NLP,TensorFlow,PyTorch,Scikit-Learn,Numpy,Pandas,Git,SQL,NoSQL,AI,GigaChat
LLM,Python,LoRA,PEFT,AI,ML,RnD
NLP,Jupyter,Hadoop,PySpark,PyTorch,Transformers,ONNX,TensorRT,DS/ML
специалистпомашинномуобучению,DataScientist,ML,causalinference,EconML,CausalML,DoWhy,обучениесподкреплением,вероятностноепрограммирование,многорукиебандиты,Python,MLops
DataEngineer,clickhouse,postgres,kafka,redis,airflow,k8s,ETL,Python,Golang
аналитик,SQL,Python,R,SAS,DataScientist,Hadoop,Spark,NoSQL,Scikit-learn,TensorFlow,Keras,PyTorch
MLOps,Python,Kubernetes,Docker,GitlabCI/CD,Git,TritonNvidiaInferenceServer,vLLM,Polars,PyTorch,Transformers,asyncio,FastAPI,Celery,SAQ,Thanos,Grafana,OpenSearch,Airflow,Dagster,ArgoWorkflows,Prefect,Flyte,MLFlow,DVC,LakeFS,SeldonCore,KubeFlow,Greenplum,ClickHouse,DataLens,Spark/Hadoop,Nginx,Katran,Helm,QuantizationAwareTraining,PostTrainingQuantization,PVTuning,Feast,Tecton,Qdrant,LanceDB
ETL,ApacheAirflow,python,ClickHouse,SQL,CI/CD,Docker
DataScientist,Python,MSSQLServer,PostgreSQL,Clickhouse,Minio,Kafka,DeepLearning,CV,Prometheus,Grafana
QuantAnalyst,QuantitativeResearcher,Python,C++,Rust,SQL,Spark,Polars
AI-агент,анализданных,Python
разработка,Spark,Airflow,Git,CI/CD,Docker,k8s,kubeflow,Python,Pyspark
машинноеобучение,CI/CD,Jenkins,GitLabCI,CircleCI,Docker,Kubernetes,Terraform,Ansible,Python,Bash,Go,Prometheus,Grafana,ELKStack,Elasticsearch,Logstash,Kibana,DVC,MLflow,Spark,Kafka,Hadoop,SQL,NoSQL,Kubeflow,MLEngineer
аналитикданных,DataEngineer,Pandas,Requests,BeautifulSoup,Scrapy,ApacheAirflow,Spark,PostgreSQL,TimescaleDB,ClickHouse,Python,R,Dash,Streamlit,Plotly
Тимлид,Дата-инженер,SQL,PostgreSQL,Hadoop,HDFS,Spark
DataEngineer,DWH,SQL,Python,ApacheAirflow,Spark,Scala,Java
тимлид,руководительпроекта,руководительгруппы,NLP,CV,ML,DS,MLOps,RAG,HuggingFace,PyTorch,LangChain,LLMOps,Kubeflow
SeniorDataScientist,ML,Python,Pandas,NumPy,SciPy,CatBoost,XGBoost,SQL,Airflow,Datalens,Superset,Tableu,PowerBI
инженерданных,ETL,ELT,Python,SQL,ApacheAirFlow,Git,GreenPlum,ClickHouse,requests,selenium
Ведущийинженерподанным,LeadDataEngineer,SQL,PostgreSQL,ClickHouse,Hadoop,Python,Dagster/Airflow,ETL/ELT
DataEngineer,Python,SQL,Airflow,ClickHouse,PostgreSQL,Git,GitlabCI,Docker,Kubernetes,Grafana,Prometheus
AI,ML,SQL,Python,Pandas,Scikit-learn,NumPy,Matplotlib,Xgboost,CatBoost,Gensim,NLTK
DataEngineer,PostgreSQL,Python,Dagster,YandexCloud,Git,ETL/ELT,1С
DataScience,Python,Pandas,NumPy,SQL,Trino,PostgreSQL,Clickhouse,Aerospike,ApacheSpark,Kafka,scikit-learn,XGBoost,LightGBM,TensorFlow,PyTorch,R,FastAPI,Docker,Kubernetes,Prometheus,Grafana,Airflow,MLflow,ClearML
линейнаяалгебра,математическийанализ,CV,сигнал-процессинг
DATAENGINEER,dwh,etl,Hadoop,Spark,Hive,HDFS,YARN,Java,Scala,SQL
DataEngineer,Python,ApacheSpark,S3,Hadoop,ApachePulsar,ApacheKafka,ETL,ELT,ApacheAirflow,Julia
AI,Python,SQL,LangChain,LangGraph,LLM,NLP
MachineLearningEngineer,ML,DL,NLP,GenerativeAI,CV,PyTorch,TensorFlow,ONNX,Python,NumPy,Pandas,Scikit-Learn,FastAPI/Flask,AWS,S3,Lambda,SageMaker,EC2,StepFunctions,RDS,DynamoDB,PostgreSQL,MSSQL,ETL,ApacheAirflow,DBT,Spark,Kafka,MLOps,CI/CD,MLflow
Python,numpy,pandas,sklearn,catboost,SQL,Oracle,PL/SQL,Hadoop,Hive,Spark,MLops,MLflow,Airflow,GitLabCI/CD
машинноеобучение,регрессия,классификация,кластеризация,SQL,ClickHouse
NLP,машинноеобучение,Python,TensorFlow,PyTorch,transformers,Spark,Hadoop
NLP,DataScience,Python,NumPy,Pandas,Scikit-learn,TensorFlow,Keras,PyTorch,GPT,BERT,Transformer,LLM,RAG
ML,Python,Jupyter,pyTorch,Keras,TensorFlow,PostgreSQL,Git,Graylog,Docker,Kubernetes,NLP,NER
дата-продукты,Python,ML,нейросетеваяархитектура,YandexCloudPlatform,MicrosoftAzure
DataScientist,NLP,математика,статистика,Python,PyTorch,RAG,Git
DataScientist,Python,MSSQLServer,PostgreSQL,Clickhouse,Minio,Kafka,DeepLearning,CV,Prometheus,Grafana
машинноеобучение,Python,Pandas,NumPy,Scikit-learn,TensorFlow,Keras,PyTorch,Airflow,git,SQL
ML,DataScience,Python,Pandas,NumPy,scikit-learn,TensorFlow,PyTorch,Scala,SQL,NoSQL,MLOps,MLflow,Kubeflow,Docker,Kafka,RabbitMQ
x86,HP,Dell,Huawei,Lenovo,MSWindows,AD,DHCP,DNS,LAN,SAN
ML,DeepReinforcementLearning,DeepCFR,QLearning,PPO,Transformer,LSTM,CNN,Optuna,VPIP,PFR,AF,Docker,Kubernetes,Python,NumPy,Pandas,Scipy,Scikit-learn,PyTorch,OpenSpiel,PokerRL,OpenAIGym,RLCard,RLlib,StableBaselines3
ML,Python,PyTorch,Torchvision,SpaCy,MLOps,OpenMMLab,MLFlow,SQL,Docker
LeadDataEngineer,Python,Spark,Airflow,SQL,Linux,MacOS,pytest,k8s
DataEngineer,Python,SQL,DWH,ETL,Airflow,JSON,XML,CSV,XSLX,Impala,Spark
Informatica,OracleDatabase,PostgreSQL
DataScientist,ML,Python,NumPy,Pandas,Scikit-learn,PyTorch/TensorFlow,NLP,TimeSeries,CV,RecSys,Docker
SQL,Python,PowerBI,MSExcel,ETL,VisualStudio
trainingpipelines,machinlearningmodels,LLMs,Python,PyTorch,HuggingFaceTransformers,scikit-learn,PEFT,DeepSpeed,FSDP
DataScientist,Python,SQL,numpy,pandas,sklearn,featureengineering,selection
ML/AIинженер,Python,NumPy,Pandas,Matplotlib,TensorFlow,PyTorch,Scikit-learn,XGBoost,FastAPI,Django,NLP,BERT,RoBERTa,SBERT,SQL,NoSQL,Qdrant,pgvector
PythonSoftwareEngineer,AI/ML,NLP,PyTorch,TensorFlow,CUDA,RAG,Docker,CI/CD,SQL,Postgres
DataScientist,ML,Bigdata,Hadoop,PySpark,Hive,Python,Linux,Scikit-learn,CatBoost/XGBoost,PyTorch,SparkML
GLM,GBM,Python,pandas,numpy,itertools,sqlalchemy,seaborn,SQL
Data-инженер,Java,Groovy,ApacheNifi,Airflow,SQL,Oracle,Postgres,MySQL,MsSQL,DB2,Git,Hadoop,HDFS,Hive,Python
AI,ML,SQL,Python,Pandas,Scikit-learn,NumPy,Matplotlib,Xgboost,CatBoost,Gensim,NLTK
менеджертехническихпроектов,NLP,RAG,API,SaaS-платформы,SQL,Python,LangChain,LlamaIndex
DataScience,ML,Python,Hadoop,PySpark,Clickhouse,Airflow,Mlfow,Pytorch,Catboost,Java,NLP
информационныйпоиск,ранжирование,NLP,машинноеобучение,Python,gensim,transformers,REST,gRPC,Docker,BERT,GPT,LLM
AtaccamaONE,PostgreSQL,Prometheus,Grafana,FluentD,OpenSearch,TCP/IP,DNS,DHCP,VPN,Linux,Ubuntu/RedHat,API,SOAP,REST,JSON,Keycloak,Docker,Kubernetes,AWS,GCP,Azure
DWH,ETL,Python,Postgres,ClickHouse,DataLens,dbt,GreenPlum,git,docker,linux
ML,NLP,LLM,STT,TTS,PyTorch,ONNX,Scikit-learn,Pandas,NumPy,Docker,FastAPI,vLLM,Sherpa-ONNX,TensorRT,Kubernetes,RAG,SQL,Prometheus,Grafana
DataScientist,MachineLearning,AI,AWS,Python
DataEngineer,AI/ML,DataLake,Hadoop,Spark,Hive,Kafka,NiFi,Greenplum,PostgreSQL,ClickHouse,SQL,Python,DataVault,PythonApplicationServer,JupyterLab,JupyterHub,RedOS,Ubuntu,AstraLinux,Kubernetes,OpenShift,GitLab
DataScience,Python,numpy,pandas,matplotlib,sklearn,pytorch,tensorflow,SQL,MSSQL,PostgreSQL,MLops,MLflow,DVC,Git,AirFlow,NLP
DataEngineer,SQL,ODBC,HTTP,JSON,XML,OData,ETL
Data-инженер,Java,Groovy,ApacheNifi,Airflow,SQL,Oracle,Postgres,MySQL,MsSQL,DB2,Git,Hadoop,HDFS,Hive,Python
Rust,Python,tokio,serde,pyo3/modin,networking,datatransfer,computerarchitecture,async/massivelyparallelprogramming,pandas,scikit-learn
DataEngineer/Dataаналитик,SQL,Java,Python,Spark,Hadoop,Hive,Jira,Confluence
DataEngineer,ClickHouse,MySQL,Athena,PowerBI,SQL,Docker,ETL
DataEngineer,SQL,Python,Go,MapReduce,Spark,Microstrategy,Tableau,OracleE-BusinessSuite,ClickHouse
Python,SQL,hadoop,стек,ABтесты,CUPED,pyspark,kafka,postgres,airflow
AI,Python,BigData,Spark,Hive,Hadoop,docker,kubernetes,pyspark,kafka,postgres,airflow
DataScientist,ML,LR,RF,XGBoost,LGBM,CatBoost,SQL
DataScientist,MachineLearning,DeepLearning,Python,SQL,Hadoop,Kafka,ClickHouse
Senior/LeadDataScientist,LLM,RAG
ML,Python,SQL,Spark,Hadoop,Clickhouse,Airflow,Grafana,ComputationalAdvertising
DataEngineer,Apache,Spark,Hive,Airflow,Kafka,Python,SQL,Linux,Docker,YandexCloud,Teradata,Postgres,Oracle,Redis
инженерпоискусственномуинтеллекту,AI,машинноеобучение,NLP,BERT,GPT,PyTorch,TensorFlow,pandas,numpy,Python,Git
ETL,Python,SQL,OLAP,CI/CD
DataScientist,NLP,Python,numpy,pandas,scipy,sklearn,pytorch,nltk,transformers,FastAPI,Docker,Spark,Hadoop
машинноеобучение,Python,SQL,PyTorch,Hadoop,Airflow,MLflow
Data-Инженер,ETL,ELT,Airflow,SQL,Python,GitLab,PowerBI,MSSQL,SSAS,Dbt,Docker,Linux
MLинженер,Python,ClickHouse,PostgreSQL,k8s,AWS,Sagemaker,GitlabCI,Kafka,Redis,ML,AI,команднойразработки,Highload
LeadQuantitativeResearcher,Python,TensorFlow,PyTorch,JAX,DQN,DeFi
ранжирование,PyTorch,CatBoost,Scikit-learn,Pandas,ONNXRuntime,TensorRT,Python,C++,Java,MapReduce
ML,Pytorch,Jax/Tensorflow,Python,Linux,Git,Bash,Docker,CV,NLP,RecSys,Speech
Data-инженер,ETL,ApacheNiFi,Kafka,RabbitMQ,Debezium,SQL,REST,SOAP,NoSQL,Cassandra,S3,Minio,PostgreSQL,OPCUA,MQTT
ML-инженер,Python,TensorFlow,Keras,Caffe,PyTorch,GPT,NLP,datascience,numpy,scipy,scikit-learn,pandas,SQL,ClickHouse,Postgres,ООП
ETL,Python,pandas,numpy,PostgreSQL,MySQL,MSSQL,SAPHANA,MongoDB,Cassandra,Redis,docker,docker-compose,SSH
Python,SQL,Spark,Hadoop,Kafka,Clickhouse,S3,Ceph,Minio,Airflow,Docker,K8S,Linux,Git
Python,LLM,RAG,Spark,Hive,Airflow
ML/AIEngineer,ComputerVision,Python,PyTorch/TensorFlow,U-Net,MaskR-CNN,SwinTransformer,DETR,Open3D,MeshLab,BlenderAPI,GNN,LabelMe,CVAT,BlenderRenderPipeline
English,Russian,numericalskills,dataanalysis,surveyingsoftware,projectmanagement
DataEngineer,ETL,SQL,Python,ApacheAirflow,Greenplum
DataScientist,Python,MSSQLServer,PostgreSQL,Clickhouse,Minio,Kafka,DeepLearning,CV,Prometheus,Grafana
DS/ML-инженер,ML,Python,pandas,numpy,scikit-learn,LightGBM,Spark,Hive,Hadoop,PostgreSQL,SQL,MLflow,Airflow,Docker
DataScientist,языковыемодели,Python,pandas,numpy,matplotlib,transformers,HuggingFace,GPT,BERT
Python,GCP,AWS,Azure,Spark,Airflow,SQL,Kafka,Kinesis,PySpark,Dask,DVC,MLFlow,Docker,Kubernetes,CI/CD
DataEngineer,Python,SQL,Airflow,Flink,Dagster,ClickHouse,MySQL,S3
Python,pandas,SQL,PowerBI,Qlik,LookerStudio,ApacheSuperset,Postgresql,Greenplum,ClickHouse,Vertica,TensorFlow,Keras,SciKitLearn,Catboost,Pytorch,ETL,ApacheAirflow
DATAИНЖЕНЕР,DWH,ETL,SQL,java,scala
математик,Python,C++,Java,машинноеобучение
Python,NLP,PyTorch,TensorFlow,SQL,GPT3.5/4,LLama2,Falcon,Langchain,LlamaIndex,LLM
CV,Python,Pytorch,Sklearn,Docker,CI/CD,NLP,Audio
DataEngineer,DWH,SQL,Python,ETL
ML,Python,Java,JavaScript,BigData,Hadoop,pySpark,Airflow,SQL,pandas,numpy,sklearn,catboost,xgboost,lightgbm,pytorch,tf,CUDA,OpenCL
ML,Python,Golang,SQL,NoSQL,Kafka,FastApi,Flask,Git,Docker,k8s
DataEngineer/Dataаналитик,SQL,Java,Python,Spark,Hadoop,Hive,Jira,Confluence
DWH,DataLake,SQL,Airflow,Kafka,Spark,dbt,OLTP,OLAP,ClickHouse
Airflow,SQL,PostgreSQL,Git,Docker,Python,Greenplum,Clickhouse,Kafka,DDS,DataVault
DFE,L1–L3,CFR/DPD,Time/Frequency/Phase/SymbolSynchronization,ChannelEstimation/Equalization,Modulation&Demodulationsingle/multi-carriersm-PSK/-QAM&.OFDMsignals,RadioResourceScheduling/PowerControl/LinkAdaptation/RadioResourceManager,Beamforming/MIMO/AntennaTrackingandSteering,C/C++,Python,MATLAB
ML-инженер,LLM,GPT,BERT,LLAMA,Qwen,LORA,PyTorch,Python,1C
Data-инженер,Java,Groovy,ApacheNifi,Airflow,SQL,Oracle,Postgres,MySQL,MsSQL,DB2,Git,Hadoop,HDFS,Hive,Python
DataScientist,Python,MSSQLServer,PostgreSQL,Clickhouse,MinIO,Kafka,DeepLearning,ComputerVision,Prometheus,Grafana
SQL,Python,Greenplum,PostgreSQL,Clickhouse
DataEngineer,ETL/ELT,ApacheNiFi,Airflow,Kafka,Spark,S3,Minio,Grafana,PosgreSQL,Clickhouse,GreenPlum,InfluxDB,Kubernetes,Python
DataScientist,ML,Python,sklearn,pandas,TensorFlow,Keras,Pytorch,SQL,NLP
C,Linux,OpenZFS,LVM,SCSI,NVMe,SATA,PCIe,ftrace,perf,bpftrace,systemtap,kgdb,crash,kprobes,kexec/kdump,spinlock,mutex,atomicoperations,RCU,devtree,u-boot,initramfs,awk,sed,grep,strace,lsof,dmesg,iotop,vmstat,Git,Python3
ML,Python,scikit-learn,PyTorch,TensorFlow,SQL,Airflow,Spark,Hive,HDFS
DataScientist,AI/ML,NLP,GenAI,BERT,GPT,Roberta,T5,RAG,SQL,Python,pandas,numpy,matplotlib,sklearn,Docker,Flask/Django/FastApi
DataEngineer,DataVault2.0,ApacheNiFi,Kestra,ApacheAirflow,Luigi,Python,PowerBI,MSSQLServer,PostgreSQL,Kafka,SISS,CDC,StarRocks,SQL
ETL,SQL,Python,Greenplum,DWH,Airflow
MSSQL,dbt,ETL,SSIS,AzureDataFactory,Pentaho,Airflow,Dagster,PowerBI,PowerApps,PowerAutomate,Hadoop,Spark,SQL,DAX,M,PowerShell,Python,R,C#,JS
ML,LLM,Whisper,RAG,FAISS,Weaviate,ChromaDB,PyTorch,TensorFlow,FastAPI,Docker
предиктивнаяаналитика,машинноеобучение,Python,Pandas,NumPy,SciPy,CatBoost,XGBoost,SQL,Airflow,LLM
BigData,Hadoop,Spark,ClickHouse,SQL,Oracle,Greenplum,PostgreSQL,PostgresPro,Python,PyTorch,Transformers,HuggingFaces,ETL,Airflow,Scala
AI,IDP,ML,NLP,CV,GenAI,Python
Backend,Java,Kotlin,Cassandra,Hbase,Postgresql,Kafka,Elasticsearch,K8S
DataEngineer,ApacheSpark,Java,Scala,ETL
Python,Scala,Java,hadoop,pyTorch,PostgreSQL,Kubernetes,Git,AI,Docker,Spark,Hive
DATAENGINEER,Hadoop,HDFS,MapReduce,Yarn,ApacheTez,ApacheHive,SparkSQL,ApacheKafka,OracleDB,PostgreSQL,MySQL,SQL,Python,ETL,ELT
аналитик,DS,Python,Spark,Impala,ML,NLP,DL,RNN,LSTM,BERT,GPT,Jira,Confluence,Agile/Scrum
DataAnomalyDetectionEngineer,Snowflake,DBT,dbt_expectations,Airflow,Debezium,Kafka,Kubernetes
ETL,Python,SQL,Spark,Hadoop,Kafka,Greenplum,Clickhouse,S3,Ceph,Minio,Airflow,Docker,K8S,Linux,Git
NLP-инженер,PyTorch,HFTransformers,Python,Transformer,ONNX,Triton,FastAPI,Kafka,Kubernetes,ML,NER
ML-инженер,Python,ООП,TensorFlow,Keras,Caffe,PyTorch,GPT,NLP,datascience,numpy,scipy,scikit-learn,pandas,SQL,ClickHouse,Postgres
MLEngineer,NLP,Python,SQL,Git,Docker,RAG
TrafficReverseинженер,C#
Python,SQL,K8s,Hadoop,Spark,Hive
high-frequencytrading,tradingstrategies,dataanalysis,English,C++,MachineLearning,optiontrading
NER,Python,pandas,numpy,sklearn,PyTorch,SQL,NoSQL,spaCy,NLTK,BERT,T5
DevSecOps,kubernetes,python,bash,Linux,docker,CI/CD,ELK,grafana
ML,Python,PyTorch,TensorFlow,CV,C++,STL
SeniorDataEngineer,ClickHouse,PostgreSQL,MySQL,KafkaConnect,ApacheAirflow,ApacheSpark,dbt,Prefect,Superset,JupyterHub,PowerBI,Kubernetes,Ansible,GitLab,Teleport,Grafana,Prometheus
ETL,Python,SQL,СУБД,Hadoop,Hive,Spark,Kafka,SparkStreaming,Flink,Greenplum,Vertica,ClickHouse,Teradata,Jupyter,pandas,SciPy,Matplotlib
ML,Python,Numpy,Pandas,SciPy,Bokeh,Plotly,HDFS,Spark,Kafka,SQL
MSSQLServer,Greenplum,ApacheAirflow,PySparkSQL,VMware,Coder,Git,Transact-SQL,PL/SQL,Python,ETL
машинноеобучение,PyTorch,TensorFlow,scikit-learn,Python,SQL,MLOps,Docker,MLflow,Airflow
ML,LLM,Python,Llama,Mistral,Qwen,GoogleGemini,OpenAIGPT,Anthropic,LangChain,LangSmith,LangGraph,FAISS,RAG,ChromaDB
Java,Scala,Python,SQL,Hadoop,ApacheSpark,ApacheFlink,ApacheIceberg,Trino,S3,Kubernetes,RESTfulAPI,DWH,ETL
DataEngineer,Oracle,Greenplum,SQL
Python,ApacheAirflow,SQL,Kafka,dbt,GreatExpectations,ApacheFlink,Trino/Presto,ApacheSpark,Hadoop,Scala,Java,CDC
ML,Python,sklearn,seaborn,numpy,scipy,statsmodels,PyTorch,ClickHouse,PostgreSQL,Redis,Airflow,FlaskAPI/FastAPI
ML,Python,PySpark,Hadoop,Airflow,PostgreSQL,Hive,Gitlab
ClickHouse,PostgreSQL,Git,SQL,Linux
DataEngineer,SQL,Clickhouse,Redis,Postgres,AirFlow,AirByte,ByteBase,Flink,Spark,Redash,Superset,Jupyter,Ceph,S3,Kafka
Hadoop,GreenPlum,S3,Airflow,Spark,Kafka,Debezium,ClickHouse,Superset,DWH
DataАрхитектор,Hadoop,HDFS,Hive,YARN,Spark,Kafka,Oracle,SAPHana,Clickhouse,Postgres,MySQL,Airflow,ETL,Python/Scala,SAPDS
DataScientist,ML,DL,Python,Polars,Pandas,Sklearn,Numpy,Scipy,XGBoost/LightGBM/Catboost,SQL
DataEngineer,Python,SQL,clickhouse,ETL,FeatureEngineering
инженер,голосоваякоммутация,CSCore,VOIP,SS7
ComputerVision,OpenCV,TensorFlow,PyTorch,Albumentations,imgaug,Docker,git,gitlab/github,CI/CD,FastAPI/Flask,C++,ONNX,ONNXRuntime,OpenVINO,TensorRT
DataScientist,ML,Python,SQL,Hadoop,Spark,S3,Uplift-модели
Python,NumPy,pandas,scikit-learn,SQL,ML,регрессия,классификация,кластеризация
SQL,Python,PostgreSQL,ClickHouse,Kafka,AirFlow,Spark,ETL
Senior/ExpertComputerVisionEngineer,CV,PyTorch,OpenCV,MLflow,Airflow,Kubernetes,FastAPI,Spark,Kafka,Triton,S3
DS,Python,PyData,Pandas,polars,duckDB,NumPy,SkiPy,scikit-learn,SQL,postgres,clickhouse
BigDataEngineer,ETL,Airflow,Spark,Hive,Trino,ClickHouse,Python,Scala,Java,Hadoop,YARN,HDFS,HBase,SQL
LLM,TTS,Mistral,Llama3,X(Twitter),YouTube,Twitch,Kick
эконометрист,DataScientist,Python,R,pandas,numpy,sklearn,SQL
ML,Python,Java,JavaScript,BigData,Hadoop,pySpark,Airflow,SQL,pandas,numpy,sklearn,catboost,xgboost,lightgbm,pytorch,tf,CUDA,OpenCL
DataEngineer,ELT,ClickHouse,Python,C#
LeadQuantitativeResearcher,Python,TensorFlow,PyTorch,JAX,DQN,DeFi
NLP,Python,PyTorch/TensorFlow,Git,Docker,SQL,GPT,Mistral,bert-based,LLM
NLP,Python,PyTorch/TensorFlow,Git,Docker,SQL,GPT,Mistral,bert-based,LLM
машинноеобучение,Python,numpy,pandas,PyTorch,TensorFlow,Docker
алгоритмы,Python,Pytorch,OpenCV,Git
SeniorDataScientist,LLM,Python
аналитик,Python,SQL,Hadoop,DWH
Datascientist,MySQL,GoogleBigQuery,Python,Hadoop,Git
DataQualityAutomationEngineer,Snowflake,DBT,dbt_expectations,Airflow,Debezium,Kafka,Kubernetes
DataScientist,Python,SQL,PostgreSQL,GPT-4,LLaMA
AIEngineer,ML,DeepLearning,CNN,RNN,VAE,GAN,GPT,TensorFlow,Keras,PyTorch,HuggingFace,Python,ООП,Git,SVN
Data-инженер,Java,Groovy,ApacheNifi,Airflow,SQL,Oracle,Postgres,MySQL,MsSQL,DB2,Git,Hadoop,HDFS,Hive,Python
DataInfraEngineer,Python,C++
DataScientist,DeepLearningEngineer,ML,Python,NumPy,Pandas,Scikit-Learn,Prophet,LightGBM,Keras,TensorFlow,PyTorch,SQL,Linux,MLflow,DVC
DataEngineer,SQL,ClickHouse,Python,Pandas,ETL/ELT
PostgreSQL,ClickHouse,MySQL/MariaDB,MongoDB,ElasticSearch,Prometheus,Grafana,Zabbix,PMM,Temboard,PgHero,Ansible,Terraform,AWS,Python,Bash
Python,PyTorch,Spark,hadoop,Huggingface,catboost,NLP,PyTorch,Transformers
AI,IDP,ML,NLP,CV,GenAI,Python
DataScientist,Python,Airflow,PyTorch,Golang,Hadoop,pySpark,hive,self-attention,DeepFM,Bert4REC
audit,анализбезопасности,Java,JS,Python,SAST,DAST,SCA,OSA,ASOC,RASP
аналитик,инженерданных,SQL,Python,Postgres,Oracle,MySQL,PowerBI,Excel,DWH,ETL,PL/pgSQL,PL/SQL
SeniorDataScientist,ML,Python,PySpark,PyTorch,GigaChat,LangChain,LangGraph
математик,Python,C++,Java,машинноеобучение,статистика
DataScience,MachineLearning,ML,RecSys,Implicit,LightFM,RecTools,RecBole,PyTorch,CatBoost,Scikit-learn,SQL,PySpark,Pandas,Polars,HDFS,Docker,Airflow,Kubernetes,Redis,FastAPI,Qdrant,Python
Моделирование,NLP,AI,Python,SQL,PySpark
Python,PyTorch,Git,Docker,ONNX,TensorRT,TritonInferenceServer,DL,CV,NLP,Audio
ETL,Python,SQL,Airflow,Domo,AWS,S3,EC2,RDS,CI/CD,Hive,Spark,Presto,Hadoop
PD,LGD,EAD/CCF,Python,Impala,Spark,ML
Hadoop,ApacheKafka,NiFi,AirFlow,Zookeeper,Spark,ClickHouse,HBase,Flink,SQL,noSQL,CentOS,AltLinux
ML,Python,Torch,CatBoost,Pandas,NLP
математик,Python,C++,Java,машинноеобучение
ML-инженер,Python,ООП,TensorFlow,Keras,Caffe,PyTorch,GPT,NLP,datascience,numpy,scipy,scikit-learn,pandas,SQL,ClickHouse,Postgres
аналитик,DS,SQL,OraclePL|SQL,Python,pandas,sklearn,catboost,xgboost
ML,Python,SQL,Hadoop,Hive,Spark,C++,C#,Java
engineering,petrochemicalindustry,powergeneration,English,piping,welding
ASR/TTS,Python
DataScientist,Python,PySpark,ClickHouse,Airflow,MLflow,DVC,NLP
Dataengineer,Python,SQL,ClickHouse,PostgreSQL,Trino,Spark,Hadoop,DWH,ELT
DataEngineering,SQL,Python,Azure,AWS,GCP,Databricks,Hadoop,ApacheAirflow,Talend,Spark,Kafka,Docker,Kubernetes,ETL
machinelearning,Python,C++,вероятностей,математическаястатистика,обработкиестественногоязыка,wordembeddings,LSTM,Transformers,TensorFlow,Keras
машинноеобучение,имитационноемоделирование,управлениязапасами,управленияпоставками,CV,OCR,OpenCV,TensorFlow,PyTorch,transfomers,YOLO,Tesseract,PaddleOCR,MLOps,ClearML,LLM,Agile/Scrum
AI,Python,FAISS,Weaviate,Chroma,RAG,OpenAI,Anthropic,HuggingFace,Google,SQL,NoSQL,Docker
Data-инженер,Java,Groovy,ApacheNifi,Airflow,SQL,Oracle,Postgres,MySQL,MsSQL,DB2,Git,Hadoop,HDFS,Hive,Python
DevOpsEngineer,Kubernetes,Python,Go
DataWarehouse,ETL,SQL,NoSQL,ClickHouse,ApacheKafka,Airflow,Python,Tableau,ApacheSuperset,dbt,MySQL,MongoDB,MSSQL
ML,Python,sklearn,seaborn,numpy,scipy,statsmodels,PyTorch,ClickHouse,PostgreSQL,Redis,Airflow,FlaskAPI/FastAPI
анализданных,развитиебизнеса,SQL
ML-инженер,Python,ООП,TensorFlow,Keras,Caffe,PyTorch,GPT,NLP,datascience,numpy,scipy,scikit-learn,pandas,SQL,ClickHouse,Postgres
DataEngineer,Python,SQL,PowerShell,CMD,PostgreSQL,MSSQL,Pandas,NumPy,Matplotlib,Kafka,Grafana
DataScienceEngineer,Databricks,JupyterNotebooks,Python,Pyspark,DeepLearningModels,LSTM,XGBoost,MLOps
DataScience,BigData,ML
Data-инженер,Java,Groovy,ApacheNifi,Airflow,SQL,Oracle,Postgres,MySQL,MsSQL,DB2,Git,Hadoop,HDFS,Hive,Python
DataEngineer,ETL,SQL,DWH,real-time,BI-инструменты,Kafka,Spark,Talend,Knime,GoogleBigQuery,GoogleAnalyticsAPI,Python
DataEngineer,Python,PySpark,SQL,ETL/ELT,AWS,Azure
LLM,OpenAIAPI,LangChain,LlamaIndex,Haystack,Langfuse,LangSmith,Helicone
SeniorMLEngineer,DataScientist,Python,Git,GitLabCI/CD,OpenCV,TensorFlow/PyTorсh,YOLO,MMDetection,Detectron2,CVAT,Supervisely,LabelStudio,Docker,DockerCompose,MLflow,ApacheAirflow,Linux
SeniorMLEngineer,ML,NLP,PyTorch,TensorFlow,HuggingFace,scikit-learn,ONNX,TorchScript,quantization,RAG,Milvus,FAISS,AWS,GCP,Azure
DataScientist,Python,SQL,Pandas,NumPy,Scikit-learn,XGBoost,LightGBM,Plotly,Dash,Folium,Leaflet,Git,Jenkins,GitLab,Docker,Kubernetes,Kafka
ML,Python,R,MATLAB,SQL,computervision,MLOps
машинноеобучение,Python,Scikit-learn,TensorFlow,PyTorch,SQL
DataScientist,ML,Python,SQL,ETL,Tableau,LLMs
Python,SQL,Spark,Hadoop,Airflow,PostgreSQL,Greenplum,ClickHouse
ML-инженер,Python,ООП,TensorFlow,Keras,Caffe,PyTorch,GPT,NLP,datascience,numpy,scipy,scikit-learn,pandas,SQL,ClickHouse,Postgres
Senior/LeadDataScientist,LLM,text/SQLRAG
ML,DL,LLM,Python,Pytorch,Spark,Airflow,Hive,Kubernetes,GreenPlum
AI-агенты,FastAPI,Kubernetes,Python
ML,Python,Java,JavaScript,BigData,Hadoop,pySpark,Airflow,SQL,pandas,numpy,sklearn,catboost,xgboost,lightgbm,pytorch,tf,CUDA,OpenCL
DataEngineering,Python,SQL,ETL,PySpark
DataScientist,ML,NLP,GPT,BERT,T5,TensorFlow,PyTorch,HuggingFace,Scikit-learn,NLTK,SpaCy,Transformers
Python,SQL,Hadoop,Spark,Airflow,Grafana
DataScientist,MachineLearningEngineer,ML,Python,pandas,numpy,scikit-learn,catboost,PyTorch,SQL,Docker
DataEngineer,Vertica,PostgreSQL,Airflow,DBT,Kafka,KafkaStreams,Debezium,SQL,Python,DWH
MLинженер,Uplift-моделирование,EDA,Python,Tensorflow/PyTorch,SQL,СУБД,GIT,Linux
data-инженер,аналитикданных,SQL,Clickhouse,Python,Pandas,NumPy,Scipy,Tableau,Looker,ApacheSuperset
DataScience,ML,машинноеобучение,алгоритмы,numpy,scipy,statsmodels,scikit-learn,pytorch,detectron2,ultralytics,transformers,postgres,spark,airflow,FastAPI,Docker
ETL,Python,MSSQL,SSIS,C#
CI/CD,GitLabCI,MSSQL,PostgreSQL,Greenplum
ApplicationSecurityEngineer,BurpSuite,K8s,Linux,MS,GCP,AWS
ML,Python,pytorch,scikit-learn,Postgres,Clickhouse,MongoDB,Redis
ML,Python,Kubernetes,Linux,ClickHouse,PostgreSQL,MongoDB,SQL,FastAPI,LLM/VLLM,Git
SQL,АБСДиасофт
SeniorDataScientist,ML,Python,Numpy,SciPy,Pandas,Kafka
инженерданных,ETL,ApacheAirflow,ApacheNiFi,MinIOS3,PostgreSQL,MicrosoftSQL,Arenadata,Greenplum,ClickHouse,RabbitMQ,SQL,Python
AI/ML,Python,OpenAIAPI,LangChain,Haystack,TensorFlow,PyTorch,FAISS,Pinecone,SQL,ETL,AWS,Azure,GCP,UX/UI,customerjourneymmapping
математик,Python,C++,Java,машинноеобучение,анализданных
C,Assemblerx86-64,Linux
Python,SQL,машинноеобучение,математическаястатистика
OLTP,OLAP,SSAS,ClickHouse,Python,ML,AI,DAX,MDX,RESTAPI
ML,Python,Pandas,NumPy,TensorFlow,PyTorch,OpenCV,SQL,Hadoop,C++
аналитикданных,Tableau,PowerBI,Looker,GoogleAnalytics,ЯндексМетрика,Amplitude,SQL,Python/R
Python,Hadoop,ML,ETL
Linux,RedHat,Unix,iSCSI,FibreChannel,OpenStack,Ceph,VMware,VSphere,KVM,XEN,Pacemaker,VeritasCluster,OracleRAC,mariadb-galera(mysql),rabbitmq-cluster,Ansible,Salt
DataScientist,Python,PySpark,Hadoop,ML,DeepLearning
DataScientist,Python,pandas,numpy,scikit_learn,matplotlib,SciPy,keras/pytorch/tensorflow,R
Python,SQL,hadoop,pyspark,kafka,postgres,airflow
SQL,Hadoop,Hive,Spark,Java,Python,Jira,Confluence
DataScientist,машинноеобучение,LotusDomino/Notes,IBMCognos,SQL,Python,MSOffice
ETL,Python,PostgreSql,MySql,Spark,Hadoop,Hive,AWS,Glue,S3,Athena,Azure,DataLake,DataFactory,GoogleCloudPlatform,Dataflow,Dataproc,CloudStorage,Databricks,Kafka,Kinesis,DBT,Scala,PowerBI,Tableau,QuickSight
ML-инженер,Python,ООП,TensorFlow,Keras,Caffe,PyTorch,GPT,NLP,datascience,numpy,scipy,scikit-learn,pandas,SQL,ClickHouse,Postgres
математическоемоделирование,нейросети,разработка,алгоритмы
SeniorDataScientist,ML,Python,PyTorch,PySpark,ClickHouse,Jenkins,Airflow,ONNX,нейронныесети
Аналитикданных,DataScience,Python,SQL,PySpark,Hadoop,каузальныйвывод,causalinference
ETL,Python,PostgreSql,MySql,Spark,Hadoop,Hive,AWS,Glue,S3,Athena,Azure,DataLake,DataFactory,GoogleCloudPlatform,Dataflow,Dataproc,CloudStorage,Databricks,Kafka,Kinesis,DBT,Scala,PowerBI,Tableau,QuickSight
DataEngineer,ETL,DWH,SQL
ETL,Python,PostgreSql,MySql,Spark,Hadoop,Hive,AWS,Glue,S3,Athena,Azure,DataLake,DataFactory,GoogleCloudPlatform,Dataflow,Dataproc,CloudStorage,Databricks,Kafka,Kinesis,DBT,Scala,PowerBI,Tableau,QuickSight
Моделирование,NLP,AI,Python,SQL,PySpark
ML,Python,Docker,SQL,noSQL
DataScientist,Python,NLP,ComputerVision,TensorFlow,PyTorch,Scikit-learn,AI,BigData,Spark,Hadoop,AWS,Azure,GoogleCloud,DevOps,Docker,Git
валидациямоделей,машинноеобучение,Python,SQL
SOCEngineer,NTA,IDS,IPS,NPM,linux,Ansible
ML,Python,Java,JavaScript,BigData,Hadoop,pySpark,Airflow,SQL,pandas,numpy,sklearn,catboost,xgboost,lightgbm,pytorch,tf,CUDA,OpenCL
DS,NLP,Python,PySpark,Hadoop
DataScientist,ML,Python,numpy,scipy,pytorch,sklearn,PostgreSQL,ClickHouse,ETL
datascience,AI,Python,LLM,AWS,Azure,GCP
DataScientist,ML,Python,pandas,numpy,scikit-learn,matplotlib,SQL,Azure,AWS,GCP,Databricks,MLflow,Spark,SynapseAnalytics,PowerBI,Tableau
Python,PyTorch,Golang,Hadoop,PySpark,hive,self-attention,DeepFM,Bert4REC
ML,PyTorch,Python,SQL
Data-инженер,Java,Groovy,ApacheNifi,Airflow,SQL,Oracle,Postgres,MySQL,MsSQL,DB2,Git,Hadoop,HDFS,Hive,Python
Python,SQL,hadoop,docker,kubernetes,pyspark,kafka,postgres,airflow
SeniorMachineLearningEngineer,Python,PyTorch,scikit-learn,AWS,GCP,Azure,LLMs,LangChain,LlamaIndex
ML,PyTorch,BERT,DSSM,CatBoost,YandexGPT
DataScientist,DataAnalytics,Python,Jira,Confluence,SQL,NLP,LLM
SeniorMLEngineer,DataScientist,ComputerVision,Python,Git,GitLab,CI/CD,SciPy,scikit-learn,lightgbm,catboost,TensorFlow/PyTorсh,Docker,ApacheAirflow,Grafana,LLM,RAG
DataScienceEngineer,Databricks,JupyterNotebooks,Python,Pyspark,DeepLearningModels,LSTM,XGBoost,MLOps
разработка,AI-агенты,LLM,Python,pandas,numpy,matplotlib,seaborn,RNN,LSTM,BERT,BART,T5,LangChain/GigaChain,LangServe/GigaServe
TeamLeadMLOpsEngineer,DevOps,MLOps,ML,k8s,Flux2,Airflow,Redis,Qdrant,ClearML,FastAPI,MongoDB,Spark,Kafka,Prometheus,Grafana
DataEngineer,ApacheSpark,Pyspark,SparkSQL,SparkStreaming,MLlib,S3Minio,ApacheHiveMetastore,ClickHouse,GreenPlum,SQL,DBT,OpenMetadata
NLP,Python,SQL,Git,Docker,CI/CD,ETL,Airflow,Dagster,Spark,Hadoop
LeadQuantitativeResearcher,NLP,LDA,NMF,BERTopic,BERT,Word2Vec,FastText,Spark,Hadoop,Dask,K-Means,DBSCAN,Python,Pandas,TensorFlow/PyTorch,spaCy,HuggingFaceTransformers
DataScientist,машинноеобучение,Python,pandas,numpy,scikit-learn,pytorch,jax,tensorflow,SQL,Git,FastAPI,Flask,Django,Streamlit,Gradio,DoWhy,EconML,CausalML,LLM,LangChain/LlamaIndex,Selenium/Playwright,BeautifulSoup/Scrapy
DataScientist,Python,SQL,Pandas,NumPy,Scikit-learn,XGBoost,LightGBM,Plotly,Dash,Folium,Leaflet,Git,Jenkins,GitLab,Docker,Kubernetes,Prometheus,Grafana,Kafka
ML,Python,C++,Java,C#
ETL,Python,PostgreSql,MySql,Spark,Hadoop,Hive,AWS,Glue,S3,Athena,Azure,DataLake,DataFactory,GoogleCloudPlatform,Dataflow,Dataproc,CloudStorage,Databricks,Kafka,Kinesis,DBT,Scala,PowerBI,Tableau,QuickSight
SeniorMachineLearningEngineer,ML,Python,SQL,Airflow
Redis,MongoDB,Kafka,RabbitMQ,Elasticsearch,Opensearch
ML,Python,PyTorch,AirFLow,Feast,ClickHouse,NLP,VIsion,ASR,TTS
Python,SQL,Spark,Hadoop,Airflow,Greenplum,Clickhouse,Kafka
DataScience,SQL,NoSQL,DWH,Elasticsearch,ML
ML,A/B-тестирование,Python,SQL,Hadoop,Spark,Airflow,Postgres
MLOps,Python,Kubernetes,GitlabCI/CD,JupyterHub,Airflow,ClearML,Qdrant,TritonNvidiaInferenceServer,vLLM,Kong,LabelStudio,Greenplum,ClickHouse,DataLens,Spark/Hadoop,Nginx,Katran,Helm,QuantizationAwareTraining,PostTrainingQuantization,PVTuning,Feast,Tecton
DataScientist,машинноеобучение,Uplift-моделирование,CausalInference,Python,Airflow,ClickHouse,LLM
ComputerVision,машинноеобучение,Python,PyTorch,OpenCV,Tensorflow,Docker,ONNX
NLP,Python,pandas,numpy,matplotlib,seaborn,RNN,LSTM,BERT,BART,T5,LangChain/GigaChain,LangServe/GigaServe,LlamaIndex,Docker,OpenShift
engineering,heating,boilerequipment,plumbing,watersupply,sewerage,HSE,occupationalsanitation,firesafety,HVACequipment,English,MSOffice,SAP
DataScientist,ML,LLM,VLM,ChatGPT,Llama,Python,Pandas,NumPy,SciPy,CatBoost,XGBoost,SQL,Airflow
ML,Python,SQL,Airflow,ClickHouse,Uplift-моделирование,CausalInference
ML-инженер,машинноеобучение,Python,TensorFlow,PyTorch,Scikit-learn
лидер,глубокоеобучение,Python,Torch,CatBoost,Pandas
MLOps,ML,Jupyterhub,Airflow,ArgoWorkflows,MLflow,ClearML,SeldonCore,Python,Hadoop,Spark,HDFS,Docker,Kubernetes,Jenkins,Kafka,Redis,PostgreSQL
SeniorMachineLearningEngineer,ML,Python,SQL,Airflow
ETL,Python,PostgreSql,MySql,Spark,Hadoop,Hive,AWS,Glue,S3,Athena,Azure,DataLake,DataFactory,GoogleCloudPlatform,Dataflow,Dataproc,CloudStorage,Databricks,Kafka,Kinesis,DBT,Scala,PowerBI,Tableau,QuickSight
DataScientist,Python,PyTorch,AirFLow,Feast,ClickHouse,ML,RecSys,IR,NLP,VIsion,ASR,TTS,RL,GPU,LLM
Go,PostgreSQL,Kafka,Redis
JavaScript,React,HTML,CSS,API,ASP.NET,SharePointOnline,Office365,PowerShell
DATAENGINEER,SQL,Java,Groovy,Python,ApacheNifi,Airflow,Talend,Informatica,SAS,Hadoop,HDFS,Hive,Git
ML,ASR,TTS,NLP,Python,Go,C++
DataEngineer,Python,Spark,Hadoop,Hive,Airflow,Kubernetes,SQL,PostgresQL,PyTest/Unittest,Flake8/PyLint,Black,Docker,Git,GitLab,CI/CD,ETL
SeniorResearchScientist,machinelearning,statistics,algorithms,graphtheory,C++,C#,Python,ArtificialIntelligence,DeepLearning,NeuralNetworks,NaturalLanguageProcessing,ComputerVision,ImageProcessing,TextClassification,InformationExtraction,TextMining,NLTK,OpenCV,Tensorflow,Keras,FastText
clouddinfrastructuremanagement,applicationsstability,incidentmanagement,technicalsupport,Linux,MySQL,Redis,Kafka,MongoDB,Docker,Kubernetes,Prometheus
NLPMLE,алгоритмы,краудсорс,MLOps,кластеризация,SSL
DataScience,автор,Python,Scikit-learn,XGBoost/LightGBM,Pandas,NumPy,MLflow,PyTorch,HuggingFace,ApacheSpark,Airflow,RecSys
LeadDataScientist,ML,Python,pandas,scikit-learn,catboost,pytorch,Hadoop,pyspark,hive,hdfs,MLFlow,ArgoWorkflows,Airflow,JupyterHub
DataEngineer,Python,SQL,NoSQL
DataScience,DL,Python
TL,Senior,DataScientist,NLP,LLM,RAG,Python
TimeSeriesAnalysis,Pandas,AR,MA,ARIMA,SARIMA,SARIMAX,VAR,VARMA,VARMAX,RNN,LSTM,GRU
энергетика,прогнозирование,ML,TensorFlow,PyTorch,Scikit-learn,Pandas,ETL,API,SCADA,ERP,IoT
ML,RecSys,NLP,Python,Scala,HDFS,Hadoop,docker,airflow,k8s,fastapi
аналитик,инженерпобезопасностиданных,MySQL,PostgreSQL,MongoDB,SQL,Python,R
