Информационнаябезопасность,Мониторингинформационнойбезопасности,Анализсобытийинформационнойбезопасности,Windows,Unix,Сетевыетехнологии,Уязвимости,Угрозы,Защитаинформации,Кибербезопасность
Информационнаябезопасность,Suricata,СОВ,Скриптовыеязыкипрограммирования,Linux,HTTP,HTTPS,IPSec,OpenVPN,DNS
Информационнаябезопасность,Разработкаполитики,Аудит,Оценкарисков,Анализрисков,Мониторинг,Анализбезопасности,Предотвращениеинцидентов,Коммуникативныенавыки,Работавкоманде
Информационнаябезопасность,Мониторинг,NGFW,IPS,IDS,AV,DLP,SIEM,Сетевыетехнологии,Windows,Unix
Информационнаябезопасность,Политикабезопасности,Защитаданных,Мониторинг,Анализ,Управлениеинцидентами,Аудитбезопасности,Уязвимости,Антивирусы,Firewall
Безопасностьдорожногодвижения,АнализДТП,Инструктаживодителей,Нормативныедокументы,Ведениежурналов,Отчетность
Мониторинг,Анализлогов,Системноеадминистрирование,Техническаяподдержка,Сетевыетехнологии,Операционныесистемы
Информационнаябезопасность,Контрольдеятельности,Служебныепроверки,Настройкасредствзащиты,Криптографическаязащита,Нормативныедокументы,Разработкадокументов,Внедрениедокументов,Корпоративныесистемызащитыинформации,Защитаинформации
Техническаязащитаинформации,Защитаданных,Выявлениеугрозбезопасности,Разработкадокументов,Ведениедокументации,Методическиедокументы,Нормативныедокументы
Защитаинформации,Администрирование,Мониторинг,DLP,SIEM,Контрольпривилегий,Linux,Windows,cmd,bash
Информационнаябезопасность,Правадоступа,Анализзащищенности,Сетеваябезопасность,Консультирование,Разработкарегламентов,Аудитбезопасности,Уязвимости,СЗИ,Linux,Windows
ИБ,Windows,Linux,TCP,IP,DHCP,DNS,IDS,IPS,NGFW,AV,EDR
Защитаинформации,Мониторингбезопасности,Межсетевыеэкраны,ОперационныесистемыMicrosoft,Сетевыетехнологии
Информационнаябезопасность,Реагированиенаинциденты,IBMSIEM,IRP,SOAR,Разработкаправилкорреляции,Разработкаконнекторов,Интеграциясистем,ТИ,TH,Автоматизация
Информационнаябезопасность,Кибербезопасность,Защитаданных,Мониторинг,Анализ,Разработкаполитики,Аудит,Оценкарисков,Аналитическоемышление,Вниманиекдеталям
IT-инфраструктура,Сети,Операционныесистемы,Антивирусныепродукты,Оргтехника,Видеонаблюдение,Системыконтролядоступа,DNS,DHCP,AD,TCPIP
Информационнаябезопасность,IT-безопасность,Мониторинг,Анализ,Разработкаполитики,Аудит,Уязвимости,Сетевыетехнологии,Реагированиенаинциденты,Работавкоманде
Юриспруденция,Экономика
Информационнаябезопасность,Кибербезопасность,Linux,Debian,TCP,IP,IT-инфраструктура,Windows,MacOS,Администрирование,Техническаяподдержка
Видеонаблюдение,Работасвидеоархивами,Анализвидеозаписей,Работанакомпьютере
Информационнаябезопасность,Информационныетехнологии,Информационныесистемы,Защитаинформации,Криптография,Проверказащитыинформации,Анализэффективности
Webpenetration‑тестирование,HTTP,TLS,OAuth,OIDC,SAML,SQL,NoSQL,XXE,LDAP,XSS,DOM‑BasedXSS,Docker,Kubernetes,AWSLambda,AzureFunctions,CI,CD
Мониторинг,Техническоеобслуживание,Настройкаоборудования,Ремонтоборудования
Информационнаябезопасность,Защитаинформации,Аудит,Оценкабезопасности,Защитаперсональныхданных,Мониторинг,Анализ,Обучение,Системызащитыданных,Управлениедоступом
Информационнаябезопасность,Управлениекомандой,Системыинформационнойбезопасности,Оценкатехническихзаданий,Аттестация,Разработкадокументации,Защитаинформации,Межсетевыеэкраны,Антивируснаязащита,SIEM
Тестированиенапроникновение,Пентест,Социальнаяинженерия,Исследованиеприложений,Windows,Linux,Python,AD,Уязвимости
Информационнаябезопасность,Мониторинг,Реагированиенаинциденты,Анализ,Разработкадокументации,Аудит,Знаниезаконодательства,Архитектурасети,NGFW,WAF
Мониторинг,Предотвращениемошенничества,Расследованиемошенничества,Анализ,Аналитическоемышление,Коммуникативныенавыки,Работавкоманде
Информационнаябезопасность,Мониторинг,Анализ,Реагированиенаинциденты,OWASP,Killchain,MITREATT&CK,Сетевыетехнологии,HTTP,HTTPS,DNS
Охранатруда,Техникабезопасности,Анализрисков,Проведениеинструктажей,Оценкарисков,Расследованиеинцидентов
Безопасность,Видеонаблюдение,Пресечениехищений
Пожарнаябезопасность,Антитеррористическаязащищенность,Противопожарныеинструктажи,Обеспечениепожарнойбезопасности,Безопаснаяэксплуатация,Контрольмероприятий,Взаимодействиесохраннымипредприятиями,Представлениеинтересовворганах
Пожарнаябезопасность,Промышленнаябезопасность,Экологическаябезопасность,Охранатруда,Делопроизводство,Подготовкаактов,Договорнаяработа,Бюджетирование
Автоматизация,Информационныесистемы,Разработкатребований,Анализбизнес-процессов,Нормативно-правоваябаза,MicrosoftOffice,Законодательство,Государственныеуслуги
Экономическаябезопасность,Внутреннийаудит,Защитаинформации,Мониторингрынка,Антикоррупционнаяэкспертиза,Проведениепроверок,Работасдокументами,ПК,Работавкоманде
Тестированиенапроникновение,Анализуязвимостей,Оценказащищенности,Windows,Linux,HTTP,HTTPS,HTML,CSS,JavaScript,ActiveDirectory
Контроль,Ведениеотчетов,Сборданных,Анализданных,MSOffice,1С8,RVIPSS
Анализ,Анализрисков,Защитаинформации,Защитаперсональныхданных,DLP,Мониторинг,Расследованиеинцидентов,Знаниезаконодательства
Информационнаябезопасность,Разработкасистемыуправленияинцидентами,Расследованиеинцидентов,Мониторингбезопасности,Анализсобытийбезопасности,SIEM,XDR,FW,VPN,MITREATT&CK,CyberKillChain
Скрипты,Информационнаябезопасность
Информационнаябезопасность,Мониторинг,Реагированиенаинциденты,TCP,IP,DNS,DHCP,HTTP,HTTPS,SMTP,Linux,Windows
Пожарнаябезопасность,Противопожарнаяслужба
Информационнаябезопасность,Разработканормативнойбазы,Коммерческаятайна,Методическоеруководство,Анализугрозбезопасности,Проведениеиспытаний,Критическаяинформационнаяинфраструктура
Информационнаябезопасность,Администрирование,ЭЦП,МЧД,Firewall,Мониторинг,Антивирусныепрограммы,DLP,Знаниезаконодательства
Информационнаябезопасность,Защитаперсональныхданных,Разработкаполитики,Взаимодействиесрегуляторами,Оценкарисков,АудитИБ,Анализзащищенности,Linux,Windows,MacOS,VPN
Информационнаябезопасность,Администрирование,Защитаинформации,Предотвращениеутечкиинформации,Видеонаблюдение,Обучение,Управление,Анализжурналов
Анализзащищенности,Тестированиенапроникновение,Анализкода,OWASP,PTES,NIST,CVSS,CWE,Информационнаябезопасность
Охранатруда,Проектирование,Разработкадокументации
Кибербезопасность,Поискинформации,Анализинформации,Киберугрозы,Анализзащищенности,Уязвимости,MITRE,OWASP,bash,python
Информационнаябезопасность,Системноеадминистрирование,Защитаинформации,Реагированиенаинциденты,Криптография,SAST,DAST,JAVA,JavaScript,C#,Анализбезопасности
Реагированиеначрезвычайныеситуации,Видеонаблюдение,Отчетность,ПК
Информационнаябезопасность,Управлениерисками,Защитаинформации,Мониторинг,Расследованиеинцидентов,AD,DNS,DHCP,PKI,ЭП
Информационнаябезопасность,Кибербезопасность,Анализрисков,Управлениерисками,Защитаинформации,Управлениекомандой,Обучениекоманды
Контролькачества,Обработкаобращений,Урегулированиеситуаций,Опросы,Грамотнаяречь,MSOffice
Информационнаябезопасность,Анализ,Управлениерисками,Мониторинг,Реагированиенаинциденты,IBM SIEM,TCP,IP,DNS,DHCP,NAT
Пультохраны,Эксплуатация,Ремонт,Техобслуживание,Оперативнаякартотека,Ведениедокументации,Анализ
Информационнаябезопасность,ИТ,Разработкадокументации,Анализ,Базазнаний,MSOffice,Сети,TCP,IP
Информационнаябезопасность,Управлениедоступом,СКЗИ,ЭДО,Криптография,PKI,Разработкадокументов,Обучение
Информационнаябезопасность,Операционныесистемы,AV,WAF,IDS,IPS,Виртуализация,Сетеваябезопасность,Аудит,Защитаинформации
Администрирование,Тестирование,Внедрение,Поддержка,СЗИ,Защитаинформации,Информационнаябезопасность,Linux,Windows
Информационнаябезопасность,Защитаинформации,Мониторинг,Анализ,Аудит,Windows,Сетевыепротоколы,Межсетевыеэкраны,АнтивирусноеПО,Администрирование
Мониторинг,Анализлогов,Критическоемышление,Реагированиенаинциденты,Взаимодействие,Отчетность,Анализ,Техническаяподдержка
Защитаперсональныхданных,Разработкадокументации,Мониторинг,Контроль,Информационнаябезопасность,Техническаязащитаинформации
Информационнаябезопасность,Защитаинформации,Разработкадокументации,Мониторинг,Управление,Реагированиенаинциденты
Администрирование,Тестирование,Внедрение,Поддержка,СЗИ,Защитаинформации,Информационнаябезопасность,Linux,Windows
Информационнаябезопасность,Защитаинформации,Анализрисков,Разработкаполитики,Аудитбезопасности,Мониторинг,SIEM,DLP,VPN,IDS,IPS
Антифрод,Мониторингтранзакций,Ведениедиспьютов,Анализ,Excel,Английскийязык
ИТ,Информационнаябезопасность,ИТ-инфраструктура,Поддержкапользователей,Windows,Office365,Word,Excel,AD,DNS,DHCP,VPN
Информационнаябезопасность,Защитаинформации,Анализрисков,Разработкаполитики,Аудитбезопасности,Мониторинг,SIEM,DLP,VPN,IDS,IPS
Информационнаябезопасность,Разработкадокументации,УстановкаСЗИ,НастройкаСЗИ,Мониторинг,Реагированиенаинциденты
Информационнаябезопасность,Мониторинг,Анализ,SIEM,Обработкаинцидентов,Реагированиенаинциденты,Antivirus,EDR,Windows,Linux
Информационнаябезопасность,Анализ,SIEM,EDR,AV,NGFW,Администрирование,Тестирование,Внедрение,Управлениедоступом
Информационнаябезопасность,Кибербезопасность,Мониторинг,Расследованиеинцидентов,Разработкаполитики,Обучение,FinTech
Информационнаябезопасность,Мониторинг,Реагированиенаинциденты,SIEM,SOAR,IPS,IDS,AV,DLP,PAM,EDR
Информационнаябезопасность,Управлениедоступом,Автоматизация,IDM,Разработка,Сопровождение,АванпостIDM
Информационнаябезопасность,Анализ,Администрирование,Splunk,MaxPatrol,QRadar,Elastic,IPS,IDS,Автоматизация
Мониторинг,Предотвращениемошенничества,Расследованиемошенничества,Анализ,Аналитическоемышление,Коммуникативныенавыки,Работавкоманде
Мониторинг,Резервноекопирование,Удаленныйдоступ,Антивирусныепродукты,Обновления,DLP,Nagios,Zabbix,VeeamBackup,MSSQL
ИТ,Информационнаябезопасность,Руководствокомандой,Адаптация,Обучение,АдминистрированиеСЗИ,Тестированиенапроникновение,Управлениеуязвимостями
Сетеваябезопасность,NGFW,IPS,VPN,SIEM,Аудитбезопасности,Управлениекомандой,Linux,Windows,IPSEC
Информационнаябезопасность,Защитаинформации,Разработкадокументации,Консультирование,Обучение,Windows,Linux,АнтивирусноеПО
Пожарнаябезопасность,Проектирование,РазработкаТЗ,Проверкадокументации,Сопровождениеэкспертизы,РазработкаСТУ
Техническаябезопасность,Радиоэлектроника,Руководство,Противопожарнаязащита,Охрана,Разработкадокументации
Контролькачества,НАССР,ISO22000,GMP,Проведениепроверок,Взаимодействие,Разработкастандартов,Обучениеперсонала
Информационнаябезопасность,АдминистрированиеСЗИ,Управлениепроектами,Управлениерисками,Разработкаполитик,Nessus,KSMG,PAM,MDM
Информационнаябезопасность,Предотвращениеутечкиинформации,Защитаинформации,Реагированиенаинциденты,Контроль,FW,UTM,NGFW,IDS,IPS
Информационнаябезопасность,Управлениеинцидентами,Анализ,Разработкаправил,Программирование,Linux,Windows,DNS,DHCP,NAT
Информационнаябезопасность,АСУТП,ОбновленияWindows,KasperskySecurityCenter,Сетевоеоборудование,Windows,AstraLinux,Cisco,Moxa,Juniper
Информационнаябезопасность,АСУТП,Защитаинформации,Техническоезадание,UserGate,Континент,KUMA,Cisco,Eltex
Информационнаябезопасность,Защитаинформации,Разработкадокументов,Реагированиенаинциденты,Мониторинг,Аудит,Сети
Информационнаябезопасность,Мониторинг,Анализ,Linux,Windows,SIEM,ApplicationFirewall,IDS,IPS,NGFW
Техническаяподдержка,Сетеваябезопасность,Linux,TCP,IP,HTTP,HTTPS,SSL,SQL,DDoS,Анализтрафика
ИТ,Руководствокомандой,ИТ-инфраструктура,РазработкаПО,Информационнаябезопасность,Анализданных,Отчетность,Бизнес-анализ
Подбороборудования,Планирование,Работасклиентами,Техническаяподдержка,Ведениедокументации,Активация,Программирование
Промышленнаябезопасность,Анализ,Оценкарисков,Производственныйконтроль,Взаимодействиеснадзорнымиорганами,Разработкадокументации,Аудит
Информационнаябезопасность,Реагированиенаинциденты,Расследованиеинцидентов,Мониторинг,Анализ,Windows,Анализжурналов
Информационнаябезопасность,Администрирование,SIEM,DLP,FW,AV,VPN,NGFW,2FA,СКЗИ
Монтаж,Техобслуживание,Диагностика,Обслуживание,Наладка,Охранно-тревожнаясигнализация,СКУД,Видеонаблюдение
Информационнаябезопасность,Криптографическаязащитаинформации,Администрирование,Защитаинформации,Антивируснаязащита,Аттестация,Техническаязащитаинформации,Системыбезопасности
Информационнаябезопасность,Машиночитаемаядоверенность,Обработкаперсональныхданных,Нормативныеакты,Делопроизводство
Информационнаябезопасность,Разработкадокументов,Формированиетребований
Информационнаябезопасность,Кибербезопасность,CISO,Криптовалюта,Разработкастратегии,Риски,Защитакриптоактивов,Аудит,Законодательство
Информационнаябезопасность,Защитаинформации,Разработкадокументации,Контроль,Инженерно-техническиемероприятия,Мониторинг,Анализрисков
СКЗИ,Информационнаябезопасность,Администрирование,Диагностика,Анализ,Безопасность,Разработка
Информационнаябезопасность,Аудит,Защитаинформации,Анализ,Критическаяинформационнаяинфраструктура,Персональныеданные,Государственныеинформационныесистемы
Информационнаябезопасность,Мониторинг,Защитаинформации,Операционныесистемы,Сетипередачиданных
Информационнаябезопасность,Защитаинформации,Облачныетехнологии,СИЗ,ПД,Аттестация,Обнаружениеугроз,Проектирование
Информационнаябезопасность,Мониторинг,Разработкаполитики,Реагированиенаинциденты,Управлениерисками,КИИ,SIEM,SOAR
Пожарнаябезопасность,Планирование,Обучение,Противопожарныйинструктаж,Защита,Контроль,Представлениеинтересов
Защитаинформации,Обработкаинформации,Администрирование,Разработкадокументов,Защитаперсональныхданных
Информационнаябезопасность,Аудит,Консалтинг,Управлениепроектами,Оценкасоответствия,Разработкадокументации
Информационнаябезопасность,Защитаинформации,Разработка,Анализ,Разработкаархитектуры,Linux,Windows
Экономическаябезопасность,Предотвращениепотерь,Проведениепроверок,Взаимодействиесправоохранительнымиорганами,Отчетность
Пожарнаябезопасность,Планирование,Контроль,MicrosoftOffice
Информационнаябезопасность,Администрирование,Windows,Linux,SIEM,WAF,Сети,Виртуализация
Информационнаябезопасность,Реагированиенаинциденты,Контроль,Администрирование,СЗИ,СКЗИ,Межсетевыеэкраны,WAF,Сетеваябезопасность
Организацияработы,Противопожарнаябезопасность,Гражданскаяоборона
Защитаинформации,Обследованиеобъектов,Средствазащитыинформации,УстановкаПО,НастройкаПО,Составлениедокументации
Видеонаблюдение,Word,Excel,Анализвидеозаписей,Обработкаинформации
Информационнаябезопасность,Защитаинформации,Криптография,Администрирование,Анализзащищенности
Делопроизводство,Сборданных,Обработкаданных,Анализ,Отчетность,Разработкадокументации
Защитаперсональныхданных,Аудит,Разработкамер,Контроль,Мониторинг,Разработкадокументации,Консультирование
Информационнаябезопасность,Защитаинформации,Криптография,Разработкадокументации,Анализ,Оценка,Программирование
Сетевыетехнологии,Законодательство,Атаки,Защитаинформации,Информационнаябезопасность,МодельOSI,NAT,TCP,IP,VPN
ИТ,Информационнаябезопасность,Управлениепроектами,Управлениерисками,Оказаниеуслуг,Управление,Развитие
Контроль,Сборданных,Анализданных,MSOffice,1С8,RVIPSS
Монтаж,Ремонт,Сервисноеобслуживание,Электроника,Радиотехника,Антенныесистемы
Техническаяподдержка,Реагированиенаинциденты,Анализ,Предотвращениемошенничества,CRMs,HelpDesk
Информационнаябезопасность,Разработкаполитики,Оценкарисков,Аудит,Уязвимости,Администрирование,Мониторинг,Анализ
Информационнаябезопасность,Мониторинг,Анализ,Реагированиенаинциденты,Расследованиеинцидентов,Настройка,AD,WindowsServer,Linux
Информационнаябезопасность,Разработкастратегии,Управлениерисками,Руководствокомандой,Контроль,Аудит,SIEM
Контроль,Ревизия,Инвентаризация,Служебныерасследования,Контрольотчетности,Анализ,Аудит
Информационнаябезопасность,НастройкаПО,ОбслуживаниеПО,Анализ,Программирование
Информационнаябезопасность,Защитаинформации,Администрирование,DLP,Linux,Кодбезопасности,Инфотекс
Защитаинформации,Разработкапрограмм,Обучение,Анализ,Преподавание
Противодействиемошенничеству,Анализ,Аналитическийскладума,Работасозвонками,Реагированиенаинциденты
Информационнаябезопасность,Аудит,Управлениерисками,Разработкадокументации,Анализ,Учет,Контроль,Обучение
Информационнаябезопасность,Техническаяподдержка,НастройкаПО,ОбслуживаниеПО,Антивирусныепрограммы,Контрольдоступа
Экономическаябезопасность,Информационнаябезопасность,Конфиденциальность,Разработкадокументов,Информационныетехнологии
Информационнаябезопасность,Администрирование,Защитаинформации,Мониторинг,Анализ,NGFW,IPS,IDS,VPN,WAF
СЗИ,Кибербезопасность
Автоматизация,Linux,Docker,VMWare,Git,GitLab,Python,Go,Bash,PostgreSQL
Информационнаябезопасность,Администрирование,Анализжурналов,DLP,Windows,Unix,IPS,SIEM,WAF,VPN
Информационнаябезопасность,Управлениеинформационнойбезопасностью,Анализ,Риски,Реагированиенаинциденты
Продажи,Продвижение,Поискипривлечение,Планирование,Прогнозирование,Управлениедебиторскойзадолженностью
Пожарнаябезопасность,Контроль,Противопожарнаязащита,Обучение
Противодействиемошенничеству,Анализ,Аналитическийскладума,Работасозвонками,Реагированиенаинциденты
Государственнаятайна,Секретность,Делопроизводство,Безопасностьинформации,Обеспечениеготовности
Информационнаябезопасность,Мониторинг,Обработка,Windows,Linux
Промышленнаябезопасность,Производственныйконтроль,Анализрисков,Техническаядокументация,Анализ,Обучение,Контроль
Фрод-мониторинг,Анализ,Верификация,Консультирование,Отчетность
Мониторинг,Предотвращениемошенничества,Расследованиемошенничества,Анализ,Аналитическоемышление,Коммуникативныенавыки,Работавкоманде
Обучение,Педагогика,Разработкапрограмм,Технологиипроизводства
Мониторинг,Анализ,Информационныетехнологии,Коммуникации,Деловаяпереписка
Информационнаябезопасность,Разработка,Анализ,ТЗ,ГИС,ИСПДН,Нормативнаябаза,Оценкасоответствия
Мониторинг,Анализ,Выявление,Взаимодействиесбанками,Ведениеотчетности,Антифрод
Информационнаябезопасность,ИБ,Анализ,Управлениеинцидентами,Программирование,Windows,Linux,OSI,DNS,DHCP
Информационнаябезопасность,Анализзащищенности,Защитаинформации,Диагностика,Разработкадокументов,Оценкаэффективности
Защитаинформации,Установка,Настройка,Аттестация
Продажи,Развитиеклиентскойбазы,Организацияотделапродаж,Взаимодействиесклиентами
Контроль,Обеспечение,Организацияуборки,Первичныедокументы,Сохранность,Техническоеобслуживание
Информационнаябезопасность,Управлениерисками,Анализ,Уязвимости,Разработкаполитики,Аудит,Криптография
Защитаинформации,Анализ,Методыконтроля,Безопасностьинформации,Организация,Методическоеруководство,Нормативнотехническиедокументы,Техническиесредствазащиты
Информационнаябезопасность,Кибербезопасность,Анализрисков,Управлениерисками,Защитаинформации,Управлениекомандой,Обучениекоманды
Защитаинформации,Проектирование,Методикирасчетов,Проведениеисследований
Безопасностьдорожногодвижения,Организацияинструктажей,Контроль,Медицинскиеосмотры,РасследованиеДТП
Информационнаябезопасность,Виртуализация,Защитаинформации,Сетевыетехнологии,Операционныесистемы,Тестирование,Администрирование
Информационнаябезопасность,Выявлениеинцидентов,Реагированиенаинциденты,Организациязащитыданных
Мониторинг,Предотвращениемошенничества,Расследованиемошенничества,Анализ,Аналитическоемышление,Коммуникативныенавыки,Работавкоманде
IT-инфраструктура,1C:ERP,Системноеадминистрирование,Техническаяподдержка
Информационнаябезопасность,Мониторинг,Анализ,Реагированиенаинциденты,Английскийязык,WindowsServer,Linux
Подготовка,Проведение,Техническиепрезентации,Информационнаяподдержка,ПодборПО,Угроз,Защитаинформации
Кибербезопасность,Управлениедоступом,ЭксплуатацияСЗИ,Автоматизация,Аудит,Устранениеинцидентов
Информационнаябезопасность,Эксплуатация,Проведениерасследований,Разработкаинструкций,Планирование,Аудит,Документация
Информационнаябезопасность,Администрирование,Мониторинг,Разработкаполитики,Аудит
Информационнаябезопасность,Мониторинг,Анализзащищенности,Анализ,Разработкадокументации,Сетевыетехнологии
Расследованиеинцидентов,Разработкаполитики,Анализ,OSINT,SQL,Python
Защитаинформации,Обучение,Анализ,Выявлениеугроз,Безопасность,Лидерство
Информационнаябезопасность,Защитаинформации,ЭЦП,Криптография,Отчетность,Администрирование,НастройкаПО
Информационнаябезопасность,Анализ,Мониторинг,Реагированиенаинциденты,Аудит,ИТ,AD,DHCP,ESXi,vCenter
Информационнаябезопасность,Разработка,Анализ,Поддержка,Linux,Аудит,WAF,NGFW,SIEM
Информационнаябезопасность,Внедрение,Настройка,Сопровождение,NAD,SIEM,WAF,Sandbox
Информационнаябезопасность,Защитаинформации,Проектирование,Внедрение,Технологиизащиты
Информационнаябезопасность,Анализ,Оценкарисков,Разработкаполитики,Угрозы,Сетеваябезопасность
Информационнаябезопасность,Защитаинформации,Анализрисков,Разработкаполитики,Аудитбезопасности,Мониторинг,SIEM,DLP,VPN,IDS,IPS
Информационнаябезопасность,Защитаинформации,Установка,Настройка,Оценказащищенности,Администрирование
Информационнаябезопасность,Мониторинг,Администрирование,Linux,Служебныепроверки,Разработкадокументов
ThreatIntelligence,Анализ,Выявлениеугроз,Кибербезопасность,Информационнаябезопасность,OSINT
Информационнаябезопасность,КИИ,Аттестация,Сканирование,Windows,Linux,Организация
Информационнаябезопасность,Управлениерисками,Аудит,Английскийязык,Защитаинформации
Информационнаябезопасность,Техническаяподдержка,Анализ,Разработка
Информационнаябезопасность,Анализ,Угрозы,Предупреждениеатак,Отчетность
Фрод-мониторинг,Техническаяподдержка,Анализ,Тестирование,Реагированиенаинциденты
Пожарнаябезопасность,Планирование,Контроль,MicrosoftOffice
Информационнаябезопасность,Мониторинг,Анализ,Реагированиенаинциденты,Windows,Unix,SIEM,IPS,IDS
Информационнаябезопасность,Мониторинг,Анализ,Реагированиенаинциденты,Windows,Linux
Защитаперсональныхданных,Аудит,Оценкарисков,Подготовкауведомлений,Анализ
Информационнаябезопасность,Правадоступа,Криптография,Защитаинформации,Планирование,Деловоеобщение,Электроннаяцифроваяподпись
Видеонаблюдение,Сопровождение,Техническоезадание
Прошу прощения, но вы не предоставили описание вакансии. Пожалуйста, предоставьте его, чтобы я мог выделить ключевые навыки.
Документация,Техническиезадания,ПАККриптоПроУЦ,Криптография,Электроннаяподпись,Деловаяпереписка,Английскийязык
Информационнаябезопасность,Разработкадокументации,Аудит,НастройкаСЗИ,Анализ,СОВ,СКЗИ,МЭ,СЗИ
Администрирование,Zabbix,LyriX,TRASSIR,PERCo,Parsec,MSSQL,PostgreSQL,ObjectPascal,VisualBasic,С++,Java
Защитабренда,Анализ,Сборданных
Информационнаябезопасность,Информационныетехнологии,Linux,Компьютерныесети,Программирование
Продажи,Презентации,Повышениеквалификации,Тестирование,WebSecurity,Управлениепроектами
Информационнаябезопасность,Контроль,Реагированиенаинциденты,Инцидентменеджмент,Ansible,Openstack,Terraform,K8s,Python,Go
Информационнаябезопасность,Кибербезопасность,Предотвращениеугроз,Защита
Анализ,Верификация,Обработка,Разработка,Коммуникации,Принятиерешений
Противопожарнаязащита,Оповещение,Работасдокументами
Информационнаябезопасность,Защитаинформации,Настройка,Тестирование,Анализэффективности
Видеонаблюдение,Системыконтролядоступа,Монтаж,Обслуживание
Монтаж,Наладка,Программирование,Охранно-пожарнаясигнализация,Видеонаблюдение,Контрольдоступа
SIEM,Разработкаправилкорреляции,Анализ,Информационнаябезопасность
Тестированиенапроникновение,Разведка,Анализ,Эксплуатацияуязвимостей,Составлениеотчетов,Linux,Python,Javascript,C++,Go
Администрирование,Системывидеонаблюдения,Охраннаясигнализация,Контрольдоступа,Диагностика,Разработкабюджета
Обслуживание,Монтаж,Ремонт,Системыохранно-пожарнойсигнализации,Автоматика
Техническаяподдержка,Настройка,Мониторинг,Windows,Unix,Сетевыетехнологии
Информационнаябезопасность,СопровождениеИС,Документальноесопровождение,Анализ,АПКШКонтинент,КонтинентАП
Информационнаябезопасность,Аудит,Эксплуатация,Защитаинформации,AV,EDR,NGFW,IDS,IPS,VS,SIEM,СКЗИ
Информационнаябезопасность,Обслуживание,Внедрение,Настройка,Мониторинг,Аудитбезопасности
Сопровождение,Поддержкапользователей,НастройкаПО,Постановказадач,Инструкции
Продажи,Обработказаявок,Ведениеделовойпереписки,Работав1С,Ведениеотчетности,Поискклиентов
Информационнаябезопасность,Предотвращениеутечкиинформации,Расследованиеинцидентов,Предотвращениеатак,Защитаинформации
Тестированиенапроникновение,Анализзащищенности,Безопасность,Программирование
Информационнаябезопасность,Разработкаинструкций,Мониторинг,Реагированиенаинциденты,Администрирование,TCP,IP
Информационнаябезопасность,Анализзащищенности,Тестированиенапроникновение,HTTP,WebSocket,AJAX,SOAP,REST,Python,Java
Информационнаябезопасность,Аудит,Анализ,Разработкадокументации,Администрирование,Сетевыетехнологии
Обслуживание,Монтаж,Наладка,Программирование,СКУД,ТСОН,СОТС,СПС
Настройка,Контроль,Планирование,АвтоГРАФ,Wialon,ГЛОНАСС,ПО
Информационнаябезопасность,Реагированиенаинциденты,Анализ,Устранение,Разработка
Информационнаябезопасность,Защитаинформации,Организацияработы,Настройка,Оценкарисков,Администрирование
Защитаинформации,Противодействие,Установка,Настройка,Защитаинформации,Проектированиесистемзащиты
Администрирование,Мониторинг,Защитаинформации,СКЗИ,Криптография,Электроннаяподпись,Анализ
Экономическаябезопасность,Предотвращениепотерь,Выездныепроверки,Взаимодействие,Отчетность
Видеонаблюдение,Администрирование,Установка,Внедрение,СКУД,Linux,Ansible,Docker
Антивируснаязащита,Мониторинг,Анализлогов,Реагированиенаинциденты,Контрольдоступа
Экономическаябезопасность,Предотвращениепотерь,Выездныепроверки,Взаимодействие,Отчетность
Мониторинг,Предотвращениемошенничества,Расследованиемошенничества,Анализ,Аналитическоемышление,Коммуникативныенавыки,Работавкоманде
Информационнаябезопасность,Администрирование,Обеспечениефункционирования,Контрольисполнения,Деловойэтикет
Информационнаябезопасность,Анализ,Обработка,Реагирование,Развитие,SOAR,TCP,IP,AD,СУБД,WEB
Контроль,Реагирование,Инструктажи,Безопасность,Планирование
Пожарнаябезопасность,Анализэффективности,Контроль,Разработкамероприятий,Реализациямероприятий
Информационнаябезопасность,Реагированиенаинциденты,Анализ,Разработка,Мониторинг,Тестирование,Windows,Linux
Противодействиетерроризму,Планирование,Разработкамероприятий,Подготовка,Оценка,Уверенныйпользователь,Электронныйдокументооборот
ИТ,Кибербезопасность,Аудит,Оценказащищенности,Тестированиенапроникновение,Анализкода
Управлениедоступом,Безопасность,Аудитбезопасности,Управлениерисками,Аутентификация,Авторизация
Информационнаябезопасность,Разработкадокументации,Защитаинформации,Аудит,Анализ,ИТ-консалтинг
Информационнаябезопасность,Мониторинг,Анализ,Разработка,Внедрение,Аудит,Уязвимости
Delphi,MSSQLServer,Базаданных,Автоматизация,Программирование
Информационнаябезопасность,Правадоступа,Администрирование,Криптография,SIEM,DLP,PAM
Информационнаябезопасность,Анализзащищенности,Руководство,Разработкапрограмм,Английскийязык,Критическоемышление
Мониторинг,Предотвращениемошенничества,Расследованиемошенничества,Анализ,Аналитическоемышление,Коммуникативныенавыки,Работавкоманде
Кибербезопасность,SOC,Мониторинг,Инфраструктура,Linux,Программирование
Информационнаябезопасность,Защитаинформации,Сопровождениепроектов
ИТ-инфраструктура,Проектирование,Монтаж,Настройка,Техобслуживание,Конфигурирование,Виртуализация
Информационнаябезопасность,Управление,Мониторинг,Поддержка
Пожарнаябезопасность,Обучение,Контроль,Предупреждениепожаров,Ликвидациячрезвычайныхситуаций
Видеонаблюдение,Администрирование,Развертывание,Внедрение,Системывидеонаблюдения,Dahua,Hikvision,RVi,UNV
Информационнаябезопасность,Защитаинформации,СКЗИ,Криптография,Администрирование,Обеспечениебезопасности,Анализ
Информационнаябезопасность,Мониторинг,СЗИ,Анализтрафика,Обучение
Информационнаябезопасность,Мониторинг,Анализ,Реагированиенаинциденты,Фильтрация,Linux,Windows
Обеспечениережима,Ведениеделопроизводства,Контроль,Обеспечениеинформационнойбезопасности
DevSecOps,SAST,DAST,SCA,CI,CD,SSDLC,Docker,Kubernetes
Информационнаябезопасность,Выявлениеуязвимостей,Разработкаинструкций,Тестирование,Анализ,Windows,Linux
Информационныетехнологии,Сетеваябезопасность,Консультирование,Поддержка,Планирование,Организацияработы,Работавкоманде
Информационнаябезопасность,Анализзащищенности,Аудит,Разработка,Контроль,Администрирование
Информационнаябезопасность,Техническаяподдержка,Внедрение,Отладка,Разработкапроекта,Консультирование,Обучение
Организацияработы,Техническоеобслуживание,Бесперебойноефункционирование,Закупки
Информационнаябезопасность,Анализзащищенности,Тестированиенапроникновение,Уязвимости,Linux,С,С++,Python
Тестированиенапроникновение,Metasploit,Nmap,Nikto,SQLmap,Hydra,Python,Bash,PowerShell
Информационнаябезопасность,Анализ,Реагированиенаинциденты,IRP,Мониторинг
Защитаинформации,Взаимодействие,Анализ,Приминение,Образование
Информационнаябезопасность,Подготовкадокументации
Информационнаябезопасность,Защитаинформации,Автоматизация,Мониторинг,Windows,Сетеваябезопасность
Информационнаябезопасность,Тестирование,Анализзащищенности,Защитаинформации,ИТ
Контроль,Обеспечение,Организацияуборки,Оформлениедокументов,Техническоеобслуживание
Информационнаябезопасность,Защитаинформации,Аудит,Разработка
Мониторинг,Предотвращениемошенничества,Расследованиемошенничества,Анализ,Аналитическоемышление,Коммуникативныенавыки,Работавкоманде
Информационнаябезопасность,Контроль,Мониторинг,Анализ,Аудит,Составлениеотчетов
Монтаж,Обслуживание,Программирование,Охранно-пожарнаясигнализация,Видеонаблюдение,СКУД
Информационнаябезопасность,Техническаязащитаинформации,Аттестация,Разработкаивнедрениедокументов
Информационнаябезопасность,Защитаинформации,Техническоеобслуживание,Настройка,Оценка
Информационнаябезопасность,Консультирование,Анализ,Тестирование,Администрирование
Кибербезопасность,Проектирование,Реализация,Анализ,Защита
Информационнаябезопасность,Разработкаинструкций,Мониторинг,Реагированиенаинциденты,Администрирование
Информационнаябезопасность,Администрирование,Интеграция,Windows,Linux,Сетевыетехнологии
Проверкаклиентов,Анализ,Оценкарисков,Анализрепутации
Информационнаябезопасность,Настройка,Защитаинформации,Криптография,Аутентификация,Анализ
Защитаинформации,Разработкадокументации,Методическоеобеспечение,Ключиэлектроннойподписи
Мониторинг,Администрирование,Обработкаинформации,Системымониторинга,СУБД,Linux,Windows,Шифрование
Кибербезопасность,Информационнаябезопасность,Мониторинг,Оценкарисков,Моделированиеугроз,Тестированиенапроникновение
Информационнаябезопасность,Разработка,Анализ,Поддержка,Linux,Windows
Гражданскаяоборона,Чрезвычайныеситуации,Предупреждениечрезвычайныхситуаций,Обучение
Информационнаябезопасность,Управлениерисками,Разработкаполитики,Аудит,Управлениеинцидентами,Защитаинформации
Кибербезопасность,Информационнаябезопасность,Анализрисков,Проектированиеархитектуры,Тестирование,Разработка
Мониторинг,Предотвращениемошенничества,Расследованиемошенничества,Анализ,Аналитическоемышление,Коммуникативныенавыки,Работавкоманде
Экономическаябезопасность,Предотвращениепотерь,Выездныепроверки,Взаимодействие,Отчетность
Информационнаябезопасность,Транспорт,Безопасность,Мониторинг,Руководство,Управление
Защитаинформации,Криптография,Администрирование,Обучение,КриптоПроCSP
Информационнаябезопасность,Выявлениеугроз,Администрирование,Нормативнаядокументация
Криптография,Электроннаяподпись,Техническаяподдержка,Анализ
Информационнаябезопасность,Мониторинг,Реагированиенаинциденты,Linux,TCP,IP,VLAN,Routing,DHCP,DNS,VPN
Защитаинформации,Разработкадокументации,Настройкасредствзащиты
Информационнаябезопасность,Работасдолгами,Взаимодействие,Контрольдвижения,НавыкиработынаПК
Контроль,Видеонаблюдение,Претензии,Обработкаинформации
Проведениепроверок,Анализ,Формированиеотчетов,Техническоеобслуживание,АСУТП,Охрана
Антифрод,Анализтранзакций,Разработкаправил,Оптимизацияправил,Тестирование
Информационнаябезопасность,Защитаавтоматизированныхсистем,Анализзащищенности,Мониторинг,Управлениеинформационнымирисками
Информационнаябезопасность,Защитаинформации,Анализ,Разработка,Обслуживание
Видеонаблюдение,Техническоеобслуживание,Контроль,Ремонт
Информационнаябезопасность,Windows,Linux,Активнаядиректория,Настройкасистем,Групповыеполитики,Идентификаторы,Безопасность
Информационнаябезопасность,ИБ,Антивирус,VIPNet,КриптоПро,DLP,Windows,Linux
Противодействиемошенничеству,Анализ,Телефонныепереговоры,Инструкции
Информационнаябезопасность,Аудитбезопасности,Анализзащищенности,Администрирование
Информационнаябезопасность,АудитИБ,Анализ,Администрирование,Управлениеперсоналом,Уязвимости,НастройкаЛВС
Информационнаябезопасность,Администрирование,Мониторинг,Инцидентменеджмент,Антивируснаязащита
Информационнаябезопасность,SIEM,ThreatIntelligence,IDS/IPS,Консультирование,Тестирование
Информационнаябезопасность,Внедрение,Поддержка,Linux,Анализрисков,Разработкадокументации
Информационнаябезопасность,Защитаинформации,Мониторингбезопасности,Сопровождение,АдминистрированиеWindows,АдминистрированиеUnix
Информационнаябезопасность,Анализ,Программирование,Администрирование,Windows,Linux,Zabbix
Информационнаябезопасность,Анализ,Оценкарисков,Разработкапредложений,ИТ,Защитаинформации
Информационнаябезопасность,Реагированиенаинциденты,Анализ,Тестирование,Администрирование
Информационнаябезопасность,Тестированиенапроникновение,Анализзащищенности,Выявлениеуязвимостей
Информационнаябезопасность,Тестированиенапроникновение,Управлениесетью,Анализ,Администрирование,WindowsServer,Linux
Информационнаябезопасность,Аудит,Реагированиенаинциденты,Управление,SIEM,XDR,Sandbox
Информационнаябезопасность,Организация,Разработка,Реализация,Аудит
Защитаинформации,Проектирование,Внедрение,Составлениедокументации,Условияработы
Информационнаябезопасность,Тестированиенапроникновение,RedTeam,Исследование,WAF,IPS,IDS,EDR,NAC
Информационнаябезопасность,Защитаинформации
Информационнаябезопасность,Проектирование,Аттестация,Аудит,Разработкадокументации,Координация,ISO,IEC
Информационнаябезопасность,Защитаинформации,Организация,Аттестация
Информационнаябезопасность,Разработка,Мониторинг,Положения,Аудит
Информационнаябезопасность,Защитаинформации,Администрирование,Тестирование
Информационнаябезопасность,CyberKillChain,nix,win,Автоматизация,Docker,k8s
Информационнаябезопасность,Мониторинг,Реагированиенаинциденты,Аудит,Пентест
Информационнаябезопасность,Контроль,АудитИБ,Обеспечение,Опыт,Реагирование
Экономическаябезопасность,Предотвращениепотерь,Проведениепроверок,Взаимодействие,Отчетность
Информационнаябезопасность,Анализзащищенности,Поиск,Администрирование,Тестирование
Защитаинформации,Администрирование,Сетевыетехнологии,ОСWindowsServer,АдминистрированиеLinux
Защитаинформации,Анализ,Внедрение,Понимание,Помощь,Обучение
Защитаперсональныхданных,Обучение,Windows,Linux,Электроннаяподпись,Vipnet
Защитаинформации,Проектирование,Внедрение,Анализ,Реагированиенаинциденты
Информационнаябезопасность,Защитаинформации,Анализрисков,Составлениеотчетов
Информационнаябезопасность,Администрирование,Настройка,Windows,Linux,Сетевыетехнологии
Информационнаябезопасность,Анализ,Аудит,Разработкадокументации,Защитаинформации
Техническаяподдержка,Консультирование,Администрирование,Разграничениедоступа
ИТ,Техническаяподдержка,Консультирование,WindowsServer,Mikrotik,Kaspersky
Промышленнаябезопасность,Предотвращение,Анализрисков,Разработкаинструкций,Аудит,Проведениепроверок
Информационнаябезопасность,Защитаинформации,Учет,Обеспечение,Сопровождение
Информационнаябезопасность,Разработкадокументов,Анализ,DLP,Учет,Подготовкаактов
Контроль,Защитаинформации,Обеспечение
Информационнаябезопасность,Мониторинг,Анализ,Разработка,Администрирование,Анализ
Информационнаябезопасность,Разработка,Руководство,Анализрисков,Внедрение,Аудит,Windows,Linux
Информационнаябезопасность,Управлениедоступом,Администрирование,Обучение,Консультирование
Защитаинформации,Windows,Linux,Сети,Документация
Информационнаябезопасность,Мониторинг,Анализ,Разработка,Угрозы,Английскийязык
Информационнаябезопасность,Администрирование,Анализ,Windows,Linux,Управлениеинцидентами
Информационнаябезопасность,Реагированиенаинциденты,Мониторинг
Информационнаябезопасность,Поискинформации,Анализ,Автоматизация,Мониторинг
Экономическаябезопасность,Предотвращениепотерь,Осуществлениепроверок,Взаимодействие,Отчетность
Информационнаябезопасность,Настройка,Обслуживание,Установка,Мониторинг
Информационнаябезопасность,Мониторинг,Анализ,Реагирование,Английскийязык
Информационнаябезопасность,Анализ,Разработка,Тестирование,Web,Linux,Windows
Информационнаябезопасность,Защитаинформации,Требования,Анализ,Организация
Безопасность,Охрана,Сопровождение,Обеспечение,Техническоеобслуживание
Тестирование,Автоматизация,Ручноетестирование,Python,Linux,Docker,Kubernetes
Информационныетехнологии,Анализ,Защитаперсональныхданных,Безопасностьинформации
Информационнаябезопасность,Выявлениеугроз,Обследованиеобъектов,Разработкадокументов
Информационнаябезопасность,Разработкаполитики,Аудит,Анализ,Уязвимости,VPN,Firewall
Информационнаябезопасность,Разработка,Внедрение,Аудит,Мониторинг,Анализ,Континент4.0
Информационнаябезопасность,Администрирование,Анализ,Разработка,Linux,Docker
Техническаяподдержка,Консультирование,MSSQL,Oracle,BI-системы,Jira,Redmine
Администрирование,Hikvision,Noder,AutoCAD,Visio,SQL,WindowsServer,Linux
Техническаяподдержка,Консультирование,ОпытныйпользовательПК
Техническаяподдержка,ИТ,Безопасностьинформации,Коммуникации,Реагированиенаинциденты
Информационнаябезопасность,Защитаинформации,Администрирование,Нормативныедокументы
Информационнаябезопасность,Реализацияполитики,Анализрисков,Разработкарегламентов,Обучение
Информационнаябезопасность,Разработка,Оценка,Анализ,Контрольдоступа
Информационнаябезопасность,Аудит,Защитаинформации,Управлениерисками
Информационнаябезопасность,Разработка,Проектирование,Внедрение
Информационнаябезопасность,Внедрение,Разработка,Аудит,Защитаинформации
Информационнаябезопасность,Внедрение,Аудит,Защитаинформации,Администрирование
Информационнаябезопасность,Аудит,Контроль,Разработка,Windows,UNIX,Ngfw
Информационнаябезопасность,Техническаяподдержка,Анализ,Измерение,Схемотехника
Информационнаябезопасность,Планирование,Контроль,Разработкадокументации
Информационнаябезопасность,Анализ,Управлениеинцидентами,Разработка,Сетевыетехнологии
Информационнаябезопасность,Кибербезопасность,Инженерия,Анализ,Реагирование
Информационнаябезопасность,Мониторинг,Анализ,DLP,Автоматизация
Организация,Контроль,Разработкаинструкций,Противопожарнаябезопасность
Защитаинформации,ПДн,Информационнаябезопасность,Знаниезаконодательства,Контроль
Информационнаябезопасность,Мониторинг,Анализ,Аудит,Сетевыетехнологии
Информационнаябезопасность,Защитаинформации,Администрирование,Составлениедокументации
Информационнаябезопасность,Обработкаинформации,Разработкадокументации,Планированиемероприятий,Аттестацияобъектов
Информационнаябезопасность,Защитаинформации,SIEM,Firewall
Информационнаябезопасность,Управление,Контроль,Выполнение,Ведение,Обучение,Консультирование
Информационнаябезопасность,Мониторинг,Инцидентменеджмент,Анализ,Программирование
Экономическаябезопасность,Предотвращениепотерь,Выездныепроверки,Взаимодействие,Отчетность
Информационнаябезопасность,Защитаинформации,Анализрисков,Разработкаполитики,Аудитбезопасности,Мониторинг
Информационнаябезопасность,Разработка,Настройка,Вычислительныесистемы
Информационнаябезопасность
Информационнаябезопасность,Мониторинг,Управление,Установкаоборудования,Ремонт
Информационнаябезопасность,Мониторинг,Анализ,Разработка,Внедрение,Безопасность
Экономическаябезопасность,Предотвращениепотерь,Выездныепроверки,Взаимодействие,Отчетность
Чрезвычайныеситуации,Контроль,Разработка,Действиявчрезвычайныхситуациях
Контроль,Техническиесистемы,Безопасность
Информационнаябезопасность,Анализрисков,Уязвимости,Защитаинформации,Криптография
Реверс-инжиниринг,Анализ,Детектирование,Автоматизация,Windows,Linux,Английскийязык
Информационнаябезопасность,Сопровождение,Реагированиенаинциденты,Защитаинформации
Информационнаябезопасность,ИТ,Регуляторныетребования,Управлениерисками,Документооборот,Аудит
Информационнаябезопасность,Установка,Настройка,Аудит,Документирование
Информационнаябезопасность,Администрирование,Нормативныедокументы,Защитаинформации
Информационнаябезопасность,Анализрисков,Разработкадокументации,Участие,Проведениеаудитов,Мониторинг
Охранатруда,Промышленнаябезопасность,Пожарнаябезопасность,Экологическаябезопасность,Гражданскаяоборона
Информационнаябезопасность,DLP,PAM,SIEM,WindowsServer,CheckPoint,Fortinet
Тестирование,Написание,Программирование,Анализ,НастройкаИС,Документация
Информационнаябезопасность,Защитаинформации,Конфиденциальность,Разработкадокументации
Охранатруда,Управление,Разработка,Коммуникабельность
Анализ,Организация,Безопасностьинформации
DevSecOps,SAST,SCA,DAST,Docker,CI,CD,Jenkins,GitlabCI,Terraform,Ansible
Информационнаябезопасность,Реагированиенаинциденты,Администрирование,Windows,Linux,VMware
Пожарнаябезопасность,Обучение,Проверка,Разработкаплана,Контроль,Анализ
Информационнаябезопасность,Анализ,Разработка,Тестирование,Web,Linux,Windows
Информационнаябезопасность,Мониторинг,Анализ,Разработка,Внедрение,Администрирование,Windows
Видеонаблюдение,Администрирование,Мониторинг,Проектированиесистемы,Интеграциясистем
Видеонаблюдение,Контроль,Отчетность
Кибербезопасность,Аудит,Анализ,Право,Разработкастратегии,Организация,Подготовка
Информационнаябезопасность,Аудит,Защитаинформации,Анализ,Разработка,Внедрение,ГОСТ
Защитаинформации,Анализ,Внедрение,Аудит,НастройкаПО
Охрана,Обеспечение,Администрирование,Аудит,Ремонт,Мониторинг,Анализ
Информационнаябезопасность,Мониторинг,Анализ,Анализрисков,Взаимодействиесостороними
Информационнаябезопасность,Анализ,Защитаинформации,Администрирование,Linux
Информационнаябезопасность,Защитаинформации,Проведениеаудита,Квалифицированнаяработа,Высокаяответственность
Информационнаябезопасность,Мониторинг,Анализ,Linux,Windows
Информационнаябезопасность,Сканирование,Выявление,Разработка,Тестирование,Linux,Windows
Информационнаябезопасность,Администрирование,Угрозы,Защитаинформации,Развертывание,Практическаяработа
Защитаинформации,Проведениепроверок,Анализ,Установка,Монтаж
Информационнаябезопасность,Защитаинформации,Сопровождение,Администрирование,Windows,Linux
Информационнаябезопасность,Подготовка,Контроль,Документация,Закупки
Информационнаябезопасность,Защитаинформации,Обслуживание
Криптография,Анализзащищенности,Блокчейн,Информационнаябезопасность
Информационныесистемы,Анализ,Ведение,Обслуживание
Информационнаябезопасность,Разработка,Анализ,Обслуживание
Обучение,Организация,Индивидуальныйподход,Дисциплинированность
Информационнаябезопасность,Анализ,Проектирование,Разработка,Оценка
Информационнаябезопасность,Управление,Нормативныедокументы,Защитаинформации
Информационнаябезопасность,Мониторинг,Анализ,Аналитик,СОРМ
Продажи,Консультирование,Коммуникации,Быстраяобучаемость
Информационнаябезопасность,Защитаинформации,Администрирование,Мониторинг,СКЗИ
Информационнаябезопасность,Оценкауязвимостей,Планирование,Анализ,Контроль,Разработкадокументации
Информационнаябезопасность,Управление,Анализрисков,Разработка,Защитаинформации
Информационнаябезопасность,Управление,Анализ,Разработка,Анализ,Контроль
Информационнаябезопасность,ИТ,Организация,Управление,Коммуникация
Охранатруда,Обеспечениебезопасности,Проведениеинструктажей,Проведениепроверок
Информационнаябезопасность,Защитаинформации,Криптография,Контроль,Профилактика,Анализ
Информационнаябезопасность,Управлениепроектами,Аудит,Внедрение,Оценкарисков
Информационнаябезопасность,Анализ,Информационныетехнологии,Работавкоманде
Информационнаябезопасность,Защитаинформации,Анализ,Автоматизация,Программирование
Информационнаябезопасность,Защитаинформации,Настройка,Аудит,Анализ
Информационнаябезопасность,Контроль,Мониторинг,Разработка,Автоматизация
Кибербезопасность,Анализ,Аудит,Настройка,Управление,Администрирование,Поддержка,Сопровождение,Автоматизация,Маштабируемость
Информационнаябезопасность,Анализ,Разработка,Обнаружениеугроз,Windows,Linux
Информационнаябезопасность,Лидерство,Обучение,Анализрисков,Управлениеинцидентами,Аудит,ISO
Мониторинг,Анализ,Предотвращениемошенничества,Общениес клиентами,Сборданных,Проведениерасследований,Обработказапросов
Информационнаябезопасность,Разработкадокументов,Аудит,Мониторинг,Комплаенс
Администрирование,Windows,Linux,Докер,Поиск,Внедрение,Диагностика,Обучение
Информационнаябезопасность,Тестированиенапроникновение,Анализ,Программирование,DevSecOps
Информационнаябезопасность,Анализ,Реагированиенаинциденты,Ведениедокументации
Информационнаябезопасность,Защитаинформации,Умениеработатьсдокументами
Информационнаябезопасность,Защитаинформации,Знаниезаконодательства
Пожарнаябезопасность,Обучение,Монтаж,Проверка,Контроль,Организация
Защитаинформации,Подготовкадокументации,Ведениеучета,Разработка
Информационнаябезопасность,WAF,AntiDDOS,AntiBot,SAST,DAST,OSA,Мониторинг,Анализ
Защитаинформации,Контроль,Анализ,Проектирование
Информационнаябезопасность,Реагированиенаинциденты,Удаленнаяработа,Анализ,Инцидентменеджмент
Разработкадокументов,Планирование,Организация,Соблюдениенормативныхтребований
Информационнаябезопасность,Анализзащищенности,Аудит,Разработка,Консультирование
Охрана,Контроль,Обучение
Информационнаябезопасность,Внедрение,Сопровождение,Аудит,Разработка
Информационнаябезопасность,Контроль,Защитаинформации,Сопровождение
Обучение,Организация,Контроль,Уверенность,Твердостьхарактера
Пожарнаябезопасность,Разработкадокументации,Инструктаж,Контроль,Охрана
Обработкадокументов,Делопроизводство,Анализдокументов
Информационнаябезопасность,Английскийязык,Аудитбезопасности
Криптография,Защитаинформации,Настройка,Конфигурирование,Составлениедокументации
Информационнаябезопасность,Администрирование,Защитаинформации,VipNet,КриптоПро,КриптоАРМ,Защитаперсональныхданных
Информационнаябезопасность,Тестированиенапроникновение,Анализзащищенности,Эксплуатацияуязвимостей
Обеспечение,Секретность,Организацияработы
Информационнаябезопасность,Анализ,Мониторинг,Разработка,Безопасность
Информационнаябезопасность,Аудит,Разработкастратегии,Совершенствование,Контроль
Информационнаябезопасность,Анализзащищенности,Тестирование,Эксплуатацияуязвимостей
Информационнаябезопасность,Руководство,Администрирование,Системноеадминистрирование,Проектированиесистем
Информационнаябезопасность,Защитаинформации,Администрирование,Выявлениеугроз,Внедрение,Эксплуатация
Информационнаябезопасность,Анализ,Мониторинг,Инвентаризация
Информационнаябезопасность,ИТ,Защитаинформации,Администрирование,Архитектура
Информационнаябезопасность,Анализ,Оценка,Разработка,Аудит
Информационнаябезопасность,Защитаинформации,Тестирование,Внедрение,Аудит
Информационнаябезопасность,Управление,Созданиепродукта,Управлениепроектами
Защитаперсональныхданных,Разработкадокументации,Проведениепроверок,Закупки,Планирование,Организацияработы
Информационнаябезопасность,Анализ,Разработкарегламентов,Политики,Тестирование
Информационнаябезопасность,Анализ,Проектирование,Организация,Безопасность,Компьютерныепрограммы
Информационнаябезопасность,Администрирование,Реагированиенаинциденты,Аудит
Информационнаябезопасность,Защитаинформации,Мониторинг,Аудит,Анализ,Анализрисков,Разработкаполитики
Информационнаябезопасность,Анализ,Проектирование,Разработкадокументации,Консультирование
Информационнаябезопасность,Аудит,Внедрение,Сопровождение,Защитаинформации
Анализ,Предотвращениемошенничества,Принятиерешений,Обработкаинформации
Информационнаябезопасность,Разработкадокументации,Администрирование,Установка
Информационнаябезопасность,Анализ,Аудит,Базоваяподдержка,Внедрение,Обслуживание
Информационнаябезопасность,Анализрисков,Предотвращение,Администрирование,Ведениеучета,Аудит,Реагирование
Информационнаябезопасность,Защитаинформации,Криптография,Аудит,Контрольдоступа
Государственнаятайна,Секретноеделопроизводство,Допускнаяработа,Защитаинформации
Настройкасистемы,Написаниеинструкций,Решениетехническихпроблем,Классифицирование
Пожарнаябезопасность,Оценкасоответствия,Разработкамероприятий
Информационнаябезопасность,Тестирование,Python,Linux,Автоматизация
Информационнаябезопасность,Обработкаданных,Анализрисков,Аудит,Разработкадокументации
Планирование,Контроль,Техническаяподдержка,Обучение
Пожарнаябезопасность,Контроль,Монтаж,Ремонт,Обслуживание
Пожарнаябезопасность,ГОиЧС,Антитеррористическаябезопасность,Разработкадокументации,Обучение
Информационнаябезопасность,Реагированиенаинциденты,Анализ,Мониторинг,Unix,Windows,Сетевыетехнологии
Видеонаблюдение,Обработкаинформации,Ремонт,Установка,Фото
Монтаж,Ремонт,Техническоеобслуживание,Проектирование,Соблюдениеправил
Информационнаябезопасность,Разработка,Контроль,Защитаинформации,Аудитбезопасности
Анализ,Статистика,Мониторинг
Информационнаябезопасность,Ведениеаналитики,Оценкасоответствия,Администрирование,Творческийподход
Информационнаябезопасность,Сертификация,Оценка,Разработкадокументации
Администрирование,Настройка,Защитаинформации,Криптография
Информационнаябезопасность,Предотвращениеутечкиинформации,Аудит,Анализрисков
Информационнаябезопасность,Контроль,Тестирование,Работасдокументацией
Информационнаябезопасность,Анализ,Контроль,Защитаинформации,Личноесовершенствование
Информационнаябезопасность,Мониторинг,Анализ,Противодействие
Информационнаябезопасность,УправлениеИТ-услугами,KasperskySecurityCenter,SecretNet,MicrosoftWindowsServer,AstraLinux
Информационнаябезопасность,Защитаинформации,Контроль,Разработка,Управление
Анализ,Информационнаябезопасность,Автоматизация,Удаленнаяработа,Базоваяподготовка
Информационнаябезопасность,Анализзащищенности,Разработка,Аудит,Обеспечение,Консультирование
Информационнаябезопасность,Анализ,Обслуживание,Проектирование,Аудит
Информационнаябезопасность,Анализрисков,Разработкатест-кейсов
Python,ИТ,Анализбезопасности,Анализ,Реверс-инжиниринг
Информационнаябезопасность,Анализ,Мониторинг,Поддержка
Информационнаябезопасность,Защитаинформации,Мониторинг,Аудит
Информационнаябезопасность,Анализ,Защитаинформации,ИТ,Предотвращение,Анализ
Информационнаябезопасность,Аудит,Windows,Linux,Сетевыетехнологии
Информационнаябезопасность,Внедрение,Управлениесетью,Контроль,Анализ
Информационнаябезопасность,Антивируснаязащита,Разработка,Проверки
Информационнаябезопасность,Мониторинг,Обеспечениезащиты,Администрированиесети
Защитаинформации,Информационнаябезопасность
DevOps,Linux,Администрирование,Kubernetes,Docker,Helm,Ansible
Тренировки,Организациясоревнований,Охранатруда
Информационнаябезопасность,Уязвимости,Администрирование,Настройка,Поиск,Анализ
Информационнаябезопасность,Разработка,Защитаинформации,Праваограниченногодоступа
Информационнаябезопасность,Администрирование,Мониторинг,Оценка,Разработка
Защитаинформации,Анализ,Администрирование,Договорнаяработа
Информационнаябезопасность,Обеспечение,Администрирование,Политикабезопасности,Администрированиесети
Техническаязащитаинформации,Администрирование,Настройка,Подготовкадокументации,Разработкарекомендаций
Гражданскаяоборона,Чрезвычайныеситуации,Организация,Планирование,Документооборот
Информационнаябезопасность,Администрирование,Внедрение,Настройка,Анализ,ИТ
Информационнаябезопасность,ИТ,DevSecOps,Уязвимости,Защитаинформации,Автоматизация
Охранатруда,Техникабезопасности,Проверкадокументации,Руководство,Ведениеделопроизводства,Управленческаяотчетность
Информационнаябезопасность,Разработкаполитики,Мониторинг,Анализ,Аудит,Защитаинформации,Обучение
Настройка,Обслуживание,Ремонт,ПоддержкаработоспособностиИнформационнаябезопасность,Защитаинформации,Администрирование,Траблшутинг
Информационнаябезопасность,Внедрение,Администрирование,Настройка,Защитаинформации
Администрирование,Поддержкапользователей,Настройкаоборудования,Техобслуживание,Сетевыетехнологии,Linux,Windows
Мониторинг,Предотвращениемошенничества,Анализ,Коммуникативныенавыки,Работавкоманде
Гражданскаяоборона,Содействие,Контроль,Организация,Предотвращение
Видеонаблюдение,Администрирование,Мониторинг,Внедрение,Проектирование
Информационнаябезопасность,Техническаяподдержка,Разработкааналитическойдокументации,Управлениепроектами
Делопроизводство,Аккуратность,Ответственность,Дисциплинированность
Информационнаябезопасность,Проектирование,Архитектура,Разработка,Анализ
Экономическаябезопасность,Предотвращениепотерь,Выездныепроверки,Взаимодействие,Отчетность
Информационнаябезопасность,Сопровождение,Безопасность,Администрирование,Windows,Linux
Информационнаябезопасность,Windows,Криптография,СКЗИ,Антивируснаязащита,Межсетевыеэкраны
Кибербезопасность,Реагированиенаинциденты,Анализ,Программирование
Информационнаябезопасность,Анализ,Аудит,Проектирование,Внедрение
Защитаинформации,Администрирование,Мониторинг,Аудит
Информационнаябезопасность,Анализ,Аудит,Консультирование,Разработка,Внедрение
Информационнаябезопасность,Разработка,Контроль,Защитаинформации,Аудит
Информационнаябезопасность,Расследованиеинцидентов,Разработкадокументации,Анализрисков,Консультирование
Техническоеобслуживание,Ремонт,Эксплуатация
Информационнаябезопасность,Взаимодействие,Администрирование,Тестирование,Обучение
Информационнаябезопасность,Аудит,Планирование,Контроль,Законодательство
Пожарнаябезопасность,Контроль,Техническоеобслуживание,Оптимизация
Информационнаябезопасность,Управлениедоступом,Защитаперсональныхданных
Информационнаябезопасность,ИТ,Анализрисков,Оценкарисков,Разработка
Экономическаябезопасность,Анализ,Мониторинг,Прогнозирование
Информационнаябезопасность,Анализ,Защитаинформации,Обучение,Составлениедокументов
Защитаперсональныхданных,Обучение,Аудит,Настройка,Обеспечение
Информационнаябезопасность,Администрирование,Разработка
Защитаинформации,Соответствиетребованиямзаконодательства,Анализ,Аудит,Умениеубеждать
Информационнаябезопасность,Защитаинформации,Консультирование,Разработка,Сертификация
Защитаинформации,Мониторинг,Разработка,Правоприменение
Информационнаябезопасность,Техническаяподдержка,Проведениевебинаров,Внедрение,Анализ
Информационнаябезопасность,Анализ,Защитаинформации,Мониторинг
Информационнаябезопасность,Мониторинг,Анализ,Оптимизация,Реагирование
Информационнаябезопасность,Разработка,Контроль,АвтоматизацияИнформационнаябезопасность,Защитаинформации,Разработкадокументации
Информационнаябезопасность,Анализ,Безопасность
Информационнаябезопасность,Контроль,Обучение,Защитаинформации,Согласование
Переговоры,Подготовка,Выполнение,Организация
Пожарнаябезопасность,Контроль,Предотвращениепожаров,Разработка,Обучение
Экономическаябезопасность,Предотвращениепотерь,Выездныепроверки,Взаимодействие,Отчетность
Информационнаябезопасность,Разработка,Анализ,Защитаинформации,Контроль
Информационнаябезопасность,Администрирование,Настройка,Составлениеотчетов
Информационнаябезопасность,Установка,Настройка,Администрирование
Информационнаябезопасность,Администрирование,Разработка,Планированиезакупок,Анализ,Умениеслушать
Информационнаябезопасность,Предотвращениеутечкиинформации,Выявлениеканалов,Контроль
Организацияработы,Анализрисков,Документальноесопровождение
Информационнаябезопасность,Настройка,Протоколыбезопасности,Взаимодействие
ИТ,Техническаяподдержка,Администрирование,Сети,Видеонаблюдение
Информационнаябезопасность,Контроль,Защитаинформации,Обеспечение
Информационнаябезопасность,Разработка,Внедрение,Анализ,Реагированиенаинциденты
Охрана,Монтаж,Эксплуатация,Обслуживание,Установка,Безопасность
Техническаязащитаинформации,Аттестация,Планирование,Организация,Предотвращение
Информационнаябезопасность,Безопасностьданных,Анализ
Обслуживание,Устранение,Диагностика,Ремонт
Охранатруда,Надзор,Требования
Безопасностьдорожногодвижения,АнализДТП,Обучение,Контроль,Документация
Информационнаябезопасность,Аудит,Сопровождение,Настройка,Анализ
Лицензирование,Подготовкадокументов,Сопровождение,Аудит,Соответствиетребованиям
Управление,Настройка,Безопасностьинформации
Информационнаябезопасность,Анализ,Мониторинг,Аудит,Защитаданных,Реагированиенаинциденты,DLP
Информационнаябезопасность,Защитаинформации,Обучение,Анализ,Взаимодействие
Информационнаябезопасность,Управление,Защитаинформации,Планирование,Координация
Анализ,ИИ,Защита
Информационнаябезопасность,Администрирование,Анализ,Составлениеотчетов,Взаимодействие
Монтаж,Обслуживание,Проектирование,Планирование
Информационнаябезопасность,Разработкаполитики,Анализ,Управлениерисками
Информационнаябезопасность,Мониторинг,Анализ,Эксплуатация,Защита
Промышленнаябезопасность,Экспертиза,Контроль,Диагностика,Требования
Видеонаблюдение,Оборудование,Техническаяподдержка,Презентации
Информационнаябезопасность,Написание,Анализ,Обучение,Разработкадокументации
Информационнаябезопасность,Безопасность,Защита
Пожарнаябезопасность,Разработка,Контроль,Обучение,Анализ
Информационнаябезопасность,Реагированиенаинциденты,Компьютернаякриминалистика,Анализвредоносногокода
Веб-безопасность,WAF,OWASP,TCP,IP
Кибербезопасность,Анализ,Разработка,Мониторинг,Администрирование,Защитаинформации,Автоматизация
Кибербезопасность,Анализ,Проектирование,Защитаинформации
Информационнаябезопасность,Сменнаяработа,Криптография,Шифрование,Windows
Информационнаябезопасность,Анализ,Творчество,Деловаякоммуникация,Сопровождение
Информационнаябезопасность,ИТ,Анализ,Конфигурация,Администрирование
Криптография,Электроннаяподпись,Анализ,Руководство
Информационнаябезопасность,Консультирование,Анализ,Оценка,Тестирование
Информационнаябезопасность,Аудит,Нормативныедокументы,Защитаинформации
Информационнаябезопасность,Мониторинг,Анализ,Оценка,Аудит
Информационнаябезопасность,Анализрисков,Методология,Разработка,Соответствие
Анализ,Разработкастратегий,Энергоэффективность,Оценкаэффективности
Информационнаябезопасность,Соответствиетребованиям,Получениелицензий
Информационнаябезопасность,Анализзащищенности,Разработкаметодологии
Информационнаябезопасность,Управлениепроектами,Идентификациярисков
Информационнаябезопасность,Аудит,Уязвимости,ИТ
Информационнаябезопасность,Настройка,Ремонт,Установка,Анализ
Информационнаябезопасность,Мониторинг,Контроль,Разработка,Эксплуатация
Информационнаябезопасность,Мониторинг,Управление,Администрирование
Пожарнаябезопасность,Предотвращение,Проведениеаудитов,Обучение,Подготовкадокументов,Коммуникативныенавыки
Информационнаябезопасность,Разработка,Windows,Анализ,Сетевыетехнологии
Техническаяподдержка,НастройкаПО,Устранениеисправностей,Ремонт
Информационнаябезопасность,Разработкадокументации,Обучение,Анализ
Информационнаябезопасность,Сопровождение,Администрирование,Мониторинг,Реагированиенаинциденты,Windows
Тестирование,Конфигурирование,Администрирование,Документирование
Информационнаябезопасность,Администрирование,Аудит,Сопровождение,Реагированиенаинциденты
Информационнаябезопасность,Разработка,Проектирование,Анализ,Windows,Linux
Предотвращениемошенничества,Онлайнмониторинг,Анализ,Эффективныекоммуникации,Командныйигрок
Информационнаябезопасность,Разработка,Антивируснаязащита,Сопровождение,Шифрование
Безопасностьдорожногодвижения,Обучение,Работасдокументацией,Организацияработы
Информационнаябезопасность,Анализрисков,Управлениеинцидентами,Разработка,Проведениеаудитов
Пожарнаябезопасность,Контроль,Планирование,Организация
Разработка,Повышениеэффективности,Качествоибезопасность
Автоматизация,Криптография,Программирование,Комплектация,Электроннаяподпись
Защитаинформации,Администрирование,Обработкадокументации,Составлениеотчетов
Предотвращениемошенничества,Мониторинг,Ведение,Анализ,Коммуникация
Информационнаябезопасность,ИТ,Аудит,Разработка,Конфигурация,Администрирование
Информационнаябезопасность,Защитаинформации,Анализ
Информационнаябезопасность,Разработка,Администрирование,Защитаинформации
Информационнаябезопасность,Анализ,Инженерия,Автоматизация
Техническаяподдержка,Сопровождение,Администрирование,Настройка
Информационнаябезопасность,Мониторинг,Анализ,SIEM,Управлениеинцидентами
Информационнаябезопасность,Проектирование,Оценкарисков,Анализэффективности,Анализ,Аудит,Настройка
Информационнаябезопасность,DLP,Анализ,Ведение,Контроль
Видеонаблюдение,ТО,Обслуживание,Настройка,Windows
Информационнаябезопасность,Анализ,Разработка,Тестирование,Устранениеуязвимостей
Информационнаябезопасность,Анализзащищенности,Анализ,Web
Аудит,Информационнаябезопасность,Руководствопрофильнымимероприятиями
Анализрисков,Оценкарисков,Аудит,Трезвыйвзгляд
Информационнаябезопасность,Управлениепроектами,Анализрисков,Разработкаполитики,Аудитбезопасности
Информационнаябезопасность,Администрирование,Выявлениеугроз,Защитаинформации,Обслуживание
Информационнаябезопасность,Администрирование,Разработка,Анализ,Обслуживание
Информационнаябезопасность,Тестирование,Анализ,Linux,NGFW
Разработка,Проверка,Информационныесистемы,Поиск
Информационнаябезопасность,Составлениеотчетности,Реагирование
Информационнаябезопасность,Анализ,Мониторинг,Разработка
Информационнаябезопасность,Разработка,Администрирование,Настройка
Информационнаябезопасность,Аудит,Тестирование,Защитаинформации
Информационнаябезопасность,Защитаинформации,Коммуникация
Видеонаблюдение,Администрирование,Мониторинг,Внедрение
Информационнаябезопасность,Анализ,Обследованиеобъектов,Моделированиеугроз,Разработкадокументации
Информационнаябезопасность,Анализ,Исследования,Статистика,PowerBI,ApacheSuperSet
Информационнаябезопасность,Контроль,Руководство,Анализ,Согласование,Обеспечение,ОценкаИнформационнаябезопасность,Контроль,Обнаружение,Сопровождение,Обучение,Настройка
Пожарнаябезопасность,Организацияработы,Документация,Монтаж,Контроль
Информационнаябезопасность,Анализ,Защита,Техническоеобслуживание,Обучение
Информационнаябезопасность,Сопровождение,Обслуживание,Администрирование,Linux
Информационнаябезопасность,Администрирование,Настройка,Методология
Информационнаябезопасность,Мониторинг,Анализ,Реагированиенаинциденты,Криптография
Гражданскаяоборона,Охранатруда,Опыт,Обучение
Охрана,Договорнаяработа,Обеспечениебезопасности,Координация
Информационнаябезопасность,Соответствие,Защитаинформации,Инцидентменеджмент
Информационнаябезопасность,Администрирование,Установка,Настройка,Разработка
Информационнаябезопасность,Защитаинформации,Криптография
Информационнаябезопасность,Анализ,Разработка,Трудоустройство,Безопасностьинформации,Реагированиенаинциденты
Информационнаябезопасность,Мониторинг,Анализ,Linux,Соответствие
Охранатруда,Аудит,Планирование,Обучение
Переговоры,Юриспруденция,Анализ,Взаимодействие,Ведение,УверенныйпользовательПК
Информационнаябезопасность,Анализ,Защитаинформации,Аттестация,Разработка
Кибербезопасность,Анализ,Защитаинформации,Исследование
Информационнаябезопасность,Анализ,Разработкадокументации,Внедрение
Сетеваябезопасность,Администрирование,Понимание,Разработка,Сети,Настройка
Информационнаябезопасность,Криптография,Управлениепроектами,Аутентификация
Информационнаябезопасность,Анализ,Тестирование,Разработкадокументации
Информационнаябезопасность,Внедрение,Сопровождение,Анализ,Мониторинг
Системноеадминистрирование,Монтаж,Настройка,Поддержка
Информационнаябезопасность,Анализ,Документация,Предотвращениеутечкиинформации
Контроль,Учет,Отчетность
Информационнаябезопасность,Руководствокомандой,Кибербезопасность,Криптовалюта,Мониторинг,Реагированиенаинциденты
Документальноесопровождение,Экспертиза,Защитаинформации
Информационнаябезопасность,Анализ,Мониторинг,Реагированиенаинциденты
Информационнаябезопасность,Защитаинформации,Разработка,Аттестация
Информационнаябезопасность,Разработка,Контроль,Анализ,Защитаинформации
Защитаданных,Аудит,Анализрисков,Разработкаполитики
Информационнаябезопасность,Администрирование,Защитаинформации
Безопасность,Охрана,Проведениеаудита,Организацияучета,Техническоеобслуживание
Информационнаябезопасность,Разработка,Управление,Реагированиенаинциденты,Анализ
Защитаинформации,Разработка,Выполнениетребований,Анализрисков
Информационнаябезопасность,Контроль,Анализ,Защитаинформации
Техника,Документация,Разработкарешений,Организацияработы
Информационнаябезопасность,Внедрение,Сопровождение,Криптография
Информационнаябезопасность,Оценка,Анализ,Проведениепроверок,Принятиерешений
Информационнаябезопасность,Администрирование,Разработкадокументов,Аудит
Информационнаябезопасность,Разработка,Внедрение,Мониторинг,Анализ,Обнаружение,Предотвращение
Видеонаблюдение,Администрирование,Мониторинг,Развертывание,Внедрение,Системывидеонаблюдения,Docker
Информационнаябезопасность,Анализ,ИБ,Контроль,Внедрение
Информационнаябезопасность,Организацияработы,Анализрисков,Руководство
Информационнаябезопасность,Анализрисков,Проектированиесистем,Контроль,Применениесредствзащитыинформации
Пожарнаябезопасность,Обучение,Анализ,Контроль
Пожарнаябезопасность,Обучение,Анализ,Контроль
Техническаяподдержка,Обеспечениеподключения,Консультирование
Умениеанализироватьситуацию,Способностьбыстроприниматьрешения,Ответственность
Защитаинформации,Информационнаябезопасность,ЗнаниеПК,Знаниедокументооборота
Информационнаябезопасность,Техническиезнания,Предотвращение,Умениепользоваться
Делопроизводство,Безопасность,Методическоесопровождение,Разработкадокументов
Безопасностьдорожногодвижения,Обучение,Оценка,Анализ
Информационнаябезопасность,Разработка,Тестирование,Установка
Настройка,Обслуживание,Проверка,Обучение,Ремонт
Информационнаябезопасность,Поискинформации,Анализ,Применение,Выявление
Информационнаябезопасность,Защитаинформации,Настройка,Выявление
Информационнаябезопасность,Мониторинг,Реагированиенаинциденты,Системноеадминистрирование
Информационнаябезопасность,Анализрисков,Сопровождение,Защитаинформации,Сети
Информационнаябезопасность,Защитаинформации,Праваограниченногодоступа,Антивируснаязащита,Проведениеаудитов,Взаимодействие
Информационнаябезопасность,Анализ,Угрозы,Защитаинформации,Выполнениенорматив
Защитаинформации,Оперативноереагирование,Выполнение
Информационнаябезопасность,Анализ,Реагированиенаинциденты,Сопровождение
Информационнаябезопасность,Администрирование,Анализ,Управление
Информационнаябезопасность,Экспертиза,Аудит,Внедрение
Продажи,Привлечениеновыхклиентов,Развитиеклиентскойбазы,Ведениепереговоров,Подготовка
Информационнаябезопасность,Документация,Планирование,Обеспечение,Контроль
Информационнаябезопасность,Защитаинформации,Внедрение,Разработка,Анализ
Разработка,Проектирование,Тестирование,Наладка,Техническаяподдержка
Информационнаябезопасность,Защитаинформации,Требования
Выпусксертификатов,Проверкадействительности,Криптография,Обслуживание
Охранатруда,Системыконтролядоступа,Монтаж,Обучение
Пожарнаябезопасность,Монтаж,Обслуживание,Контроль,Понимание
Информационнаябезопасность,Мониторинг,Анализ,Ведение,Учет,Интеграция
Информационнаябезопасность,Администрирование,Контроль,Формулировка
Информационнаябезопасность,Анализ,Угрозы,Комуникации,Правовыеакты
Информационнаябезопасность,Администрирование,Контроль,Аудит,Защитаинформации
Информационнаябезопасность,Анализ,Угрозы,Администрирование,Руководство
Информационнаябезопасность,Администрирование,Настройка,Эксплуатация
Информационнаябезопасность,Анализ,Аналитик,Мониторинг,Оповещение,Устранениеугроз
Администрирование,Настройка,Обеспечение,Поддержка
Информационнаябезопасность,Разработкадокументации,Установка,Настройка,Выявление
Защитаинформации,Делопроизводство,Управление
Информационнаябезопасность,Анализ,Установка,Настройка,Технологии
Защитаинформации,Радиотехника,Подготовкаотчетов,Работасдокументацией
Охранатруда,Предотвращениепожаров,Коммуникации,Обучение,Инспектирование,Исправлениеситуаций
Информационнаябезопасность,Разработка,Мониторинг,Аудит,Лицензирование,ТестированиеИнформационнаябезопасность,Разработка,Администрирование,Контроль,Аудит
Администрирование,Защитаинформации,Обслуживание,Подготовка
Безопасность,Качество,Тренер,Проектирование,Внедрение
Организация,Контроль,Правовоесопровождение,Защитаинформации
Защитаинформации,Администрирование,Безопасность
Видеонаблюдение,Контрольдоступа,Монтаж,Настройка,Опыт
Информационнаябезопасность,Аудит,Разработка,Безопасность,Ремонт
Кибербезопасность,Информационнаябезопасность,Анализ,Руководство,Взаимодействие
Информационнаябезопасность,Реагированиенаинциденты,Пониманиеатак,Обучение,Администрирование
Информационнаябезопасность,Управление,Внедрение,Анализрисков,Обучение
Противопожарнаязащита,Контроль,Аудит,Анализ,Умениенаходитьрешения,Коммуникабельность,Ответственность
Аттестацияобъектов,Правовоесопровождение,Приминение,Настройка
Информационнаябезопасность,Оценкарисков,Опытработы
Информационнаябезопасность,Техническаяподдержка,ИТ,Управлениеинформацией
Информационнаябезопасность,Разработка,Модернизация,Внедрение,Аудит
Обслуживание,Контроль,Приёмка,БЖД
Информационнаябезопасность,Защитаинформации,ТехнологииПожарнаябезопасность,Контроль,Руководство,Обучение
Сетевыетехнологии,Обслуживание,Подключение,Администрирование,Устранение
Информационнаябезопасность,Обучение,Управлениедоступом,Организация,Взаимодействие
Информационнаябезопасность,Анализзащищенности,Эксплуатацияуязвимостей,Управлениепроектами
Информационнаябезопасность,Аудит,Внедрение,Анализ,Риск-ориентированныйподход,Законодательство
Информационнаябезопасность,Анализ,Разработка,Автоматизация
Предупреждение,Информационныетехнологии,Контроль
Информационнаябезопасность,Управлениерисками,Координацияпроектов,Составлениеотчетности
Кибербезопасность,Разработкастратегии,Курированиеаудитов,Анализрисков
Информационнаябезопасность,ИТ,Настройка,Сопровождение,Анализрисков
Разработкапрограмм,Анализсобытий,Поддержкапринятиярешений,Обучение
Защитаинформации,Установка,Настройка,Конфигурирование,Администрирование
Аттестация,Защитаинформации,Коммуникационныенавыки
Информационнаябезопасность,Разработкадокументации,Контроль,Настройка,Обучение,Сопровождение
Информационнаябезопасность,Эксплуатация,Внедрение,Разработкадокументации,Опытработы
Информационнаябезопасность,Разработка,Эксплуатация,Внедрение,Техническиезнания
Установка,Обслуживание,Настройка,Линукс
Кибербезопасность,Управлениепроектами,Анализрисков,Управлениекомандой
Информационнаябезопасность,Обучение,Установка,Обработкаинформации,Презентация
Анализрисков,Защитаинформации,Разработканормативнойбазы
Информационнаябезопасность,Администрирование,Защитаинформации,Техническиезнания,Ведениедокументации
Планирование,Разработкадокументации,Обеспечение
Предотвращениемошенничества,Мониторинг,Анализ,Коммуникации
Информационнаябезопасность,Техническаяподдержка,Обслуживание
Радиационнаябезопасность,Контроль,Анализ,Проведениеаудита,Разработкамероприятий
Охранатруда,Оценкарисков,Планирование,Анализ
Информационнаябезопасность,Поддержкапользователей,Мониторинг,Анализ
Информационнаябезопасность,Мониторинг,Анализ,Linux,Windows
Техника,Контроль,Обработкаинформации,Логистика,Монтаж
Техническаяподдержка,УстановкаПО,Консультирование,Составлениедокументации
Информационнаябезопасность,Администрирование,Мониторинг,Управлениеинцидентами
Информационнаябезопасность,Анализзащищенности,Linux
Гражданскаяоборона,Защитавчрезвычайныхситуациях,Планирование,Отчетность
Информационнаябезопасность,Администрирование,Реагированиенаинциденты
Информационнаябезопасность,ИТ,Обнаружение,Защитаинформации,Анализ
Информационнаябезопасность,Управлениерисками,Разработка,Анализ,Реагирование
Документация,Правоохранительнаядеятельность,Трудоустройство,Анализ
Информационнаябезопасность,Анализрисков,Разработкаполитик,Внедрение
Аудит,Контроль,Составлениеотчетов,Обучениеперсонала
Информационнаябезопасность,Разработка,Организация,Участие,Анализ
Информационнаябезопасность,Администрирование,Исследования,Анализ
Информационнаябезопасность,Анализ,Проектирование,Оценкарисков,Обеспечение
Информационнаябезопасность,Анализ,Защитаперсональныхданных,Ведениедокументации
Информационнаябезопасность,Анализ,Внедрение,Поддержка
Информационнаябезопасность,Проектирование,Внедрение,Обучение,Разработка
Информационнаябезопасность,Управлениерисками,Внедрениестандартов,Поиск,Защита
Анализ,Разработка,Оценка,SQL,Clickhouse,Python,Grafana
Информационнаябезопасность,Защитаинформации,Администрирование,Анализ
Информационнаябезопасность,Защитаинформации,Аудитбезопасности,Оценкаугроз,Разработкадокументации
Обслуживаниеинформационныхсистем,Контроль,Обслуживаниетехники,Трудоустройство
Информационнаябезопасность,Анализзащищенности,Аудитбезопасности,Имплементация
Информационнаябезопасность,Установкаипроведениеаудита,Правовоесопровождение
Информационнаябезопасность,Разработка,Внедрение,Контроль
Информационнаябезопасность,Защита,Анализ
Информационнаябезопасность,Разработка,Анализрисков,Правовоесопровождение
Информационнаябезопасность,Обслуживание,Реагированиенаинциденты,Навыкиобщения
Поискинформации,Анализданных,Безопасность
Системыбезопасности,Монтаж,Эксплуатация,Обслуживание,Анализ
Мониторинг,Предотвращение,Анализ,Аналитическоемышление,Коммуникативныенавыки,Выявление,Работавкоманде
Информационнаябезопасность,Тестирование,Внедрение,Поддержка
Информационнаябезопасность,Безопасность,Знаниянормативныхтребований
Информационнаябезопасность,Разработка,Внедрение,Защитаинформации,Оценкарисков,Обучение
Обслуживание,Приемка,Диагностика,МайкрософтОфис
Информационнаябезопасность,Руководство,Аудит,Внедрение,Обучение
Информационнаябезопасность,Защитаинформации,Коммуникации,Самоорганизация
Информационнаябезопасность,Управлениерисками,Аудит,Windows,Linux
Обслуживание,Профилактика
Информационнаябезопасность,Участие,Понимание,Предоставлениетехническойподдержки
Противопожарнаязащита,Контроль,Предотвращениеаварий
Информационнаябезопасность,Анализрисков,Безопасностьданных,ИТ,Защитаинформации
Техника,Пожарнаябезопасность,Разработкадокументации,Техническоеобслуживание
Защитаперсональныхданных,Анализ,Мониторинг,Обеспечение,Соблюдение,Законодательство
Linux,Администрирование,Проектирование,Сопровождение,SQL,Базыданных
Информационнаябезопасность,Анализзащищенности,РазработкаПО,Тестирование,Аудит
Информационнаябезопасность,Криптография,Анализ,Разработка
Информационнаябезопасность,Инженерия,ИТ,Обучение
Охранатруда,Радиационнаябезопасность,Планирование,Проведениепроверок,Контроль
Информационнаябезопасность,Криптография,Шифрование,Антивируснаязащита
Информационнаябезопасность,Анализ,Защитаинформации,Мониторинг
Информационнаябезопасность,Администрирование,Разработка,Анализ
Информационнаябезопасность,Защитаинформации,Разработка
Информационнаябезопасность,Аудит,Анализ,Оценкарисков
Информационнаябезопасность,Анализ,Обучение,Консультирование
Информационнаябезопасность,Разработка,Анализ,Методология
Администрирование,Настройка,Поддержка,Виртуализация,Мониторинг,Резервноекопирование
Информационнаябезопасность,Администрирование,Эксплуатация,Обучение
Монтаж,Наладка,Проектирование,Аудит
Продажи,Переговоры,Презентации,Маркетинг
Предотвращениемошенничества,Мониторинг,Анализ,Коммуникативныенавыки,Работавкоманде
